ID,Vietnamese_Text,English_Text,Vietnamese_Sound
lesson_l1_v0,chào,hello,
lesson_l1_v1,anh,you (to a man),
lesson_l1_v2,em,you (to a younger person),
lesson_l1_v3,khỏe,healthy / fine,
lesson_l1_v4,cảm ơn,thank you,
lesson_l1_v5,xin chào,hello (formal),
lesson_l1_v6,chị,you (to a woman),
lesson_l1_v7,tôi,I,
lesson_l1_v8,không,no / not (question particle),
lesson_l1_v9,tạm biệt,goodbye,
lesson_l2_v0,chào bạn,hello,
lesson_l2_v1,bạn,you / friend,
lesson_l2_v2,gì,what,
lesson_l2_v3,nước,water,
lesson_l2_v4,cần,to need,
lesson_l2_v5,cho mình,give me,
lesson_l2_v6,của,of / belonging to,
lesson_l2_v7,đây,here,
lesson_l2_v8,cảm ơn,thank you,
lesson_l2_v9,nha,casual particle,
lesson_l3_v0,Dạ có,yes (polite),
lesson_l3_v1,hiểu,to understand,
lesson_l3_v2,nhà vệ sinh,bathroom,
lesson_l3_v3,đi thẳng,to go straight,
lesson_l3_v4,chưa,yet,
lesson_l3_v5,Dạ không,no (polite),
lesson_l3_v6,không,not,
lesson_l3_v7,ở kia,over there,
lesson_l3_v8,cảm ơn,thank you,
lesson_l3_v9,ạ,polite particle,
lesson_l4_v0,tổng cộng,total,
lesson_l4_v1,nghìn,thousand,
lesson_l4_v2,nói,to speak,
lesson_l4_v3,tốt,well,
lesson_l4_v4,lại,again,
lesson_l4_v5,năm mươi,fifty,
lesson_l4_v6,xin lỗi,sorry,
lesson_l4_v7,tiếng Việt,Vietnamese,
lesson_l4_v8,chậm,slow,
lesson_l4_v9,xin,please,
lesson_l5_v0,xin lỗi,excuse me / sorry,
lesson_l5_v1,ga tàu,train station,
lesson_l5_v2,ở đằng kia,over there,
lesson_l5_v3,trạm xe buýt,bus stop,
lesson_l5_v4,đi qua,to pass,
lesson_l5_v5,không sao,no problem,
lesson_l5_v6,ở đâu,where,
lesson_l5_v7,ở đây,here,
lesson_l5_v8,nhà vệ sinh,bathroom,
lesson_l5_v9,cho tôi,let me,
lesson_l6_v0,xin chào,hello,
lesson_l6_v1,xin lỗi,excuse me,
lesson_l6_v2,ở đâu,where,
lesson_l6_v3,cảm ơn,thank you,
lesson_l6_v4,ạ,polite particle,
lesson_l6_v5,nhà vệ sinh,restroom,
lesson_l6_v6,ở kia,over there,
lesson_l7_v0,cái này,this,
lesson_l7_v1,tiền,money,
lesson_l7_v2,nghìn,thousand,
lesson_l7_v3,gửi,to hand over,
lesson_l7_v4,cảm ơn,thank you,
lesson_l7_v5,bao nhiêu,how much,
lesson_l7_v6,năm mươi,fifty,
lesson_l7_v7,đồng,dong (currency),
lesson_l7_v8,em,you / I (junior),
lesson_l7_v9,dạ,yes (polite),
lesson_l8_v0,một,one,
lesson_l8_v1,ba,three,
lesson_l8_v2,năm,five,
lesson_l8_v3,cái,object (classifier),
lesson_l8_v4,trà,tea,
lesson_l8_v5,hai,two,
lesson_l8_v6,bốn,four,
lesson_l8_v7,cốc,cup,
lesson_l8_v8,cà phê,coffee,
lesson_l8_v9,bánh ngọt,pastry,
lesson_l9_v0,đường nào,which way,
lesson_l9_v1,rẽ trái,to turn left,
lesson_l9_v2,nhé,please (softening particle),
lesson_l9_v3,không,no,
lesson_l9_v4,à,question particle,
lesson_l9_v5,đi thẳng,to go straight,
lesson_l9_v6,rẽ phải,to turn right,
lesson_l9_v7,rồi,then,
lesson_l9_v8,ạ,polite particle,
lesson_l10_v0,chào,hello,
lesson_l10_v1,tên,name,
lesson_l10_v2,gì,what,
lesson_l10_v3,còn bạn,and you?,
lesson_l10_v4,đâu,where,
lesson_l10_v5,bạn,you / friend,
lesson_l10_v6,là,to be,
lesson_l10_v7,mình,I / me,
lesson_l10_v8,đến từ,to come from,
lesson_l10_v9,Mỹ,America,
lesson_l11_d0,Chào bạn. Bạn đang tìm gì à?,Hello. Are you looking for something?,
lesson_l11_d1,"Vâng. Xin lỗi anh, anh giúp tôi được không?","Yes. Excuse me, can you help me?",
lesson_l11_d2,Được. Bạn cần gì?,Okay. What do you need?,
lesson_l11_d3,Trạm xe buýt ở đâu ạ?,Where is the bus stop?,
lesson_l11_d4,Ở đằng kia.,Over there.,
lesson_l11_v0,chào,hello,
lesson_l11_v1,đang,currently (present continuous),
lesson_l11_v2,gì,what,
lesson_l11_v3,xin lỗi,excuse me / sorry,
lesson_l11_v4,giúp,to help,
lesson_l11_v5,được không,can you? / is it possible?,
lesson_l11_v6,cần,to need,
lesson_l11_v7,ở đâu,where,
lesson_l11_v8,đằng kia,over there,
lesson_l11_v9,bạn,you / friend,
lesson_l11_v10,tìm,to look for,
lesson_l11_v11,vâng,yes (polite),
lesson_l11_v12,anh,you (respectful to a male stranger),
lesson_l11_v13,tôi,I / me,
lesson_l11_v14,được,okay / yes,
lesson_l11_v15,trạm xe buýt,bus stop,
lesson_l11_v16,ạ,polite ending particle,
lesson_l12_d0,Bạn từ đâu đến?,Where are you from?,
lesson_l12_d1,Mình từ Đà Nẵng đến.,I am from Da Nang.,
lesson_l12_d2,Vậy bây giờ bạn sống ở đâu?,Then where do you live now?,
lesson_l12_d3,Mình sống ở Hà Nội. Còn bạn?,I live in Hanoi. And you?,
lesson_l12_d4,Mình đang sống ở Sài Gòn.,I am living in Saigon.,
lesson_l12_v0,mình,I (peer),
lesson_l12_v1,từ,from,
lesson_l12_v2,đâu,where,
lesson_l12_v3,ở,in / at,
lesson_l12_v4,vậy,so / then,
lesson_l12_v5,còn,as for,
lesson_l12_v6,Hà Nội,Hanoi,
lesson_l12_v7,Hồ Chí Minh,Ho Chi Minh City,
lesson_l12_v8,bạn,you (peer),
lesson_l12_v9,đến,to come,
lesson_l12_v10,sống,to live,
lesson_l12_v11,bây giờ,now,
lesson_l12_v12,đang,currently,
lesson_l12_v13,Đà Nẵng,Da Nang,
lesson_l12_v14,Sài Gòn,Saigon,
lesson_l13_d0,"Xin lỗi, bạn có nói tiếng Anh không?","Excuse me, do you speak English?",
lesson_l13_d1,"Có, một chút.","Yes, a little.",
lesson_l13_d2,Tốt quá. Tôi không nói tiếng Việt.,Great. I don't speak Vietnamese.,
lesson_l13_d3,Không sao.,No problem.,
lesson_l13_v0,xin lỗi,excuse me,
lesson_l13_v1,nói,to speak,
lesson_l13_v2,có,yes,
lesson_l13_v3,một chút,a little,
lesson_l13_v4,tôi,I,
lesson_l13_v5,không sao,no problem,
lesson_l13_v6,bạn,you,
lesson_l13_v7,tiếng Anh,English,
lesson_l13_v8,không,no / not,
lesson_l13_v9,tốt quá,great,
lesson_l13_v10,tiếng Việt,Vietnamese,
lesson_l14_d0,"Chào bạn, bạn tên là gì?","Hello, what is your name?",
lesson_l14_d1,Mình tên là Kim. Còn bạn?,My name is Kim. And you?,
lesson_l14_d2,Mình tên là Hà.,My name is Ha.,
lesson_l14_d3,Tên bạn viết thế nào?,How is your name written?,
lesson_l14_d4,"H, A, và dấu huyền.","H, A, and the falling tone.",
lesson_l14_d5,"Mình hiểu rồi. Tên mình viết là K, I, M.","I understand. My name is written K, I, M.",
lesson_l14_v0,tên,name,
lesson_l14_v1,thế nào,how,
lesson_l14_v2,đánh vần,to spell,
lesson_l14_v3,dấu,tone mark,
lesson_l14_v4,dấu sắc,rising tone,
lesson_l14_v5,dấu ngã,tumbling tone,
lesson_l14_v6,viết,to write,
lesson_l14_v7,hiểu,to understand,
lesson_l14_v8,chữ cái,letter (alphabet),
lesson_l14_v9,dấu huyền,falling tone,
lesson_l14_v10,dấu hỏi,asking tone,
lesson_l14_v11,dấu nặng,heavy tone,
lesson_l15_d0,Xin chào. Bạn đang đợi số mấy?,Hello. What number are you waiting for?,
lesson_l15_d1,"Xin lỗi, bây giờ là số mấy?","Excuse me, what number is it now?",
lesson_l15_d2,Bây giờ là số bốn mươi lăm.,It is number forty-five right now.,
lesson_l15_d3,"Dạ, là tôi.","Yes, that is me.",
lesson_l15_d4,"Xin hỏi, bạn bao nhiêu tuổi?","May I ask, how old are you?",
lesson_l15_d5,Tôi ba mươi hai tuổi.,I am thirty-two years old.,
lesson_l15_v0,số,number,
lesson_l15_v1,đợi,to wait,
lesson_l15_v2,dạ,yes (polite),
lesson_l15_v3,bao nhiêu,how many / how much,
lesson_l15_v4,mười,ten,
lesson_l15_v5,ba mươi hai,thirty-two,
lesson_l15_v6,năm mươi,fifty,
lesson_l15_v7,lăm,five (in compound numbers),
lesson_l15_v8,mấy,how many / what,
lesson_l15_v9,bây giờ,now,
lesson_l15_v10,xin hỏi,may I ask,
lesson_l15_v11,tuổi,years old / age,
lesson_l15_v12,hai mươi,twenty,
lesson_l15_v13,bốn mươi lăm,forty-five,
lesson_l15_v14,một trăm,one hundred,
lesson_l16_d0,Hôm nay là thứ Sáu. Bạn muốn đi xem phim không?,Today is Friday. Do you want to go see a movie?,
lesson_l16_d1,Hôm qua mình xem phim rồi. Chúng ta đi cà phê đi.,I already watched a movie yesterday. Let's go for coffee.,
lesson_l16_d2,Được. Hôm nay chúng ta đi nhé?,Okay. Shall we go today?,
lesson_l16_d3,Hôm nay mình bận. Ngày mai là thứ Bảy. Ngày mai đi nhé.,Today I am busy. Tomorrow is Saturday. Let's go tomorrow.,
lesson_l16_v0,hôm nay,today,
lesson_l16_v1,ngày mai,tomorrow,
lesson_l16_v2,thứ Ba,Tuesday,
lesson_l16_v3,thứ Năm,Thursday,
lesson_l16_v4,thứ Bảy,Saturday,
lesson_l16_v5,xem phim,to watch a movie,
lesson_l16_v6,bận,busy,
lesson_l16_v7,hôm qua,yesterday,
lesson_l16_v8,thứ Hai,Monday,
lesson_l16_v9,thứ Tư,Wednesday,
lesson_l16_v10,thứ Sáu,Friday,
lesson_l16_v11,Chủ nhật,Sunday,
lesson_l16_v12,cà phê,coffee,
lesson_l17_d0,Chiều nay mình đi uống cà phê nhé?,Shall we go for coffee this afternoon?,
lesson_l17_d1,Được. Bây giờ là mấy giờ rồi?,Okay. What time is it now?,
lesson_l17_d2,Bây giờ là hai giờ.,It is two o'clock now.,
lesson_l17_d3,Mấy giờ mình gặp nhau?,What time are we meeting?,
lesson_l17_d4,Ba giờ rưỡi nhé.,"Three thirty, okay?",
lesson_l17_v0,mấy giờ,what time,
lesson_l17_v1,giờ,o'clock / hour,
lesson_l17_v2,chiều nay,this afternoon,
lesson_l17_v3,uống,to drink,
lesson_l17_v4,được,okay,
lesson_l17_v5,hai,two,
lesson_l17_v6,mình,we (inclusive),
lesson_l17_v7,bây giờ,now,
lesson_l17_v8,rưỡi,half past,
lesson_l17_v9,cà phê,coffee,
lesson_l17_v10,gặp nhau,to meet,
lesson_l17_v11,nhé,okay? / let's (particle),
lesson_l17_v12,ba,three,
lesson_l17_v13,rồi,already,
lesson_l18_d0,"Xin chào, bạn cần gì ạ?","Hello, what do you need?",
lesson_l18_d1,"Xin lỗi, nước suối ở đâu ạ?","Excuse me, where is the bottled water?",
lesson_l18_d2,"Dạ, nước suối ở bên kia ạ.",The bottled water is over there.,
lesson_l18_d3,Ở đây có bánh mì không ạ?,Do you have bread here?,
lesson_l18_d4,"Có ạ, bánh mì ở đây.","Yes, the bread is right here.",
lesson_l18_v0,xin chào,hello,
lesson_l18_v1,gì,what,
lesson_l18_v2,nước suối,bottled water,
lesson_l18_v3,ở bên kia,over there,
lesson_l18_v4,có ... không,do you have...?,
lesson_l18_v5,có,yes / to have,
lesson_l18_v6,trái cây,fruit,
lesson_l18_v7,cần,to need,
lesson_l18_v8,xin lỗi,excuse me,
lesson_l18_v9,ở đâu,where,
lesson_l18_v10,ở đây,here,
lesson_l18_v11,bánh mì,bread,
lesson_l18_v12,sữa,milk,
lesson_l19_d0,Tổng cộng là tám mươi nghìn đồng.,The total is eighty thousand dong.,
lesson_l19_d1,Thanh toán bằng thẻ được không?,Can I pay by card?,
lesson_l19_d2,Được ạ. Xin vui lòng nhập mã pin.,Yes. Please enter your PIN.,
lesson_l19_d3,Xong rồi. Cảm ơn.,Done. Thank you.,
lesson_l19_v0,tổng cộng,total,
lesson_l19_v1,nghìn đồng,thousand dong,
lesson_l19_v2,bằng,by / using,
lesson_l19_v3,được không,is it possible? can I?,
lesson_l19_v4,nhập,to enter / to input,
lesson_l19_v5,xong rồi,done / finished,
lesson_l19_v6,hóa đơn,receipt / bill,
lesson_l19_v7,tám mươi,eighty,
lesson_l19_v8,thanh toán,to pay,
lesson_l19_v9,thẻ,card,
lesson_l19_v10,xin vui lòng,please,
lesson_l19_v11,mã pin,PIN code,
lesson_l19_v12,tiền mặt,cash,
lesson_l20_d0,"Chào cháu. Cam hôm nay rất tươi, cháu mua gì?","Hello. The oranges are very fresh today, what are you buying?",
lesson_l20_d1,Cô bán cho cháu một cân cam ạ.,"Auntie, please sell me one kilo of oranges.",
lesson_l20_d2,Của cháu đây. Cháu mua thêm gì không?,Here is yours. Are you buying anything else?,
lesson_l20_d3,Thế thôi ạ. Tất cả là bao nhiêu tiền ạ?,That's all. How much is the total?,
lesson_l20_d4,Bốn mươi nghìn một cân.,Forty thousand for one kilo.,
lesson_l20_d5,Cô bớt cho cháu một chút được không ạ?,Can you give me a little discount?,
lesson_l20_d6,"Được rồi, ba mươi lăm nghìn nhé.","Alright, thirty-five thousand then.",
lesson_l20_v0,một cân,one kilo,
lesson_l20_v1,tươi,fresh,
lesson_l20_v2,bao nhiêu tiền,how much money,
lesson_l20_v3,bớt,to discount,
lesson_l20_v4,bán,to sell,
lesson_l20_v5,bốn mươi,forty,
lesson_l20_v6,hôm nay,today,
lesson_l20_v7,cháu,I (to an older person),
lesson_l20_v8,thêm,more,
lesson_l20_v9,cam,orange,
lesson_l20_v10,tất cả,total,
lesson_l20_v11,nghìn,thousand,
lesson_l20_v12,một chút,a little bit,
lesson_l20_v13,mua,to buy,
lesson_l20_v14,ba mươi lăm,thirty-five,
lesson_l20_v15,cô,auntie,
lesson_l20_v16,được không,is it possible,
lesson_l20_v17,gì,what,
lesson_l21_d0,Xin chào. Bạn cần giúp gì ạ?,Hello. Do you need help?,
lesson_l21_d1,Chào bạn. Tôi muốn lấy gói hàng.,Hello. I want to pick up a package.,
lesson_l21_d2,Vâng. Mã đơn hàng của bạn là gì?,Yes. What is your order code?,
lesson_l21_d3,Mã của tôi là tám chín không.,My code is eight nine zero.,
lesson_l21_d4,Gói hàng của bạn đây ạ.,Here is your package.,
lesson_l21_d5,Cảm ơn bạn.,Thank you.,
lesson_l21_v0,gói hàng,package,
lesson_l21_v1,mã,code,
lesson_l21_v2,mã đơn hàng,order code,
lesson_l21_v3,cần,to need,
lesson_l21_v4,của,of (possessive),
lesson_l21_v5,chín,nine,
lesson_l21_v6,đây,here,
lesson_l21_v7,lấy,to pick up,
lesson_l21_v8,đơn hàng,order,
lesson_l21_v9,giúp,to help,
lesson_l21_v10,muốn,to want,
lesson_l21_v11,tám,eight,
lesson_l21_v12,không,zero,
lesson_l22_d0,Tổng cộng là một trăm nghìn ạ.,The total is one hundred thousand.,
lesson_l22_d1,Đây là năm trăm nghìn.,Here is five hundred thousand.,
lesson_l22_d2,Quý khách có tiền lẻ không ạ?,Do you have small change?,
lesson_l22_d3,Tôi không có. Cho tôi xin tiền thừa nhé.,I don't have any. Please give me the change back.,
lesson_l22_v0,tổng cộng,total,
lesson_l22_v1,tiền mặt,cash,
lesson_l22_v2,tiền thừa,change back,
lesson_l22_v3,năm trăm nghìn,five hundred thousand,
lesson_l22_v4,nghìn,thousand,
lesson_l22_v5,cho tôi xin,please give me,
lesson_l22_v6,đây là,here is,
lesson_l22_v7,tiền,money,
lesson_l22_v8,tiền lẻ,small change,
lesson_l22_v9,một trăm nghìn,one hundred thousand,
lesson_l22_v10,trăm,hundred,
lesson_l22_v11,quý khách,customer (formal),
lesson_l22_v12,trả tiền,to pay,
lesson_l22_v13,không có,don't have,
lesson_l23_d0,"Chào bạn, bạn cần giúp gì không?","Hello, do you need help?",
lesson_l23_d1,Cái đồng hồ này bị hỏng. Tôi muốn trả lại.,This watch is broken. I want to return it.,
lesson_l23_d2,Xin lỗi bạn. Bạn muốn đổi cái mới không?,Sorry. Do you want to exchange for a new one?,
lesson_l23_d3,Tôi không muốn đổi. Tôi muốn hoàn tiền.,I don't want to exchange. I want a refund.,
lesson_l23_d4,Dạ được. Bạn có hóa đơn không?,"Yes, okay. Do you have the receipt?",
lesson_l23_d5,Đây là hóa đơn của tôi.,Here is my receipt.,
lesson_l23_v0,giúp,to help,
lesson_l23_v1,bị hỏng,broken,
lesson_l23_v2,đổi,to exchange,
lesson_l23_v3,hoàn tiền,refund,
lesson_l23_v4,bị lỗi,defective,
lesson_l23_v5,thẻ tín dụng,credit card,
lesson_l23_v6,đồng hồ,watch,
lesson_l23_v7,trả lại,to return,
lesson_l23_v8,cái mới,new one,
lesson_l23_v9,hóa đơn,receipt,
lesson_l23_v10,tiền mặt,cash,
lesson_l23_v11,cửa hàng,store,
lesson_l24_d0,Xin chào! Quý khách cần tìm gì ạ?,Hello! What are you looking for?,
lesson_l24_d1,Tôi mặc thử cái áo này được không?,Can I try this shirt on?,
lesson_l24_d2,"Vâng, được ạ. Phòng thử đồ ở đằng kia.",Yes. The fitting room is over there.,
lesson_l24_d3,Áo này hơi nhỏ. Có cỡ lớn hơn không?,This shirt is a bit small. Do you have a larger size?,
lesson_l24_d4,"Vâng, có ạ. Xin đợi một chút.",Yes. Please wait a moment.,
lesson_l24_v0,mặc thử,to try on,
lesson_l24_v1,được không,is it okay? / can I?,
lesson_l24_v2,hơi,a bit / slightly,
lesson_l24_v3,cỡ,size,
lesson_l24_v4,đợi một chút,to wait a moment,
lesson_l24_v5,quý khách,customer (formal),
lesson_l24_v6,chật,tight,
lesson_l24_v7,vừa,to fit / just right,
lesson_l24_v8,cái áo,shirt,
lesson_l24_v9,phòng thử đồ,fitting room,
lesson_l24_v10,nhỏ,small,
lesson_l24_v11,lớn hơn,larger,
lesson_l24_v12,tìm,to look for,
lesson_l24_v13,đằng kia,over there,
lesson_l24_v14,rộng,loose,
lesson_l25_d0,Xin chào. Bạn uống gì ạ?,Hello. What would you like to drink?,
lesson_l25_d1,Cho mình một cốc cà phê sữa đá.,"I'd like an iced milk coffee, please.",
lesson_l25_d2,Bạn uống ở đây hay mang về ạ?,For here or to go?,
lesson_l25_d3,Mình mang về. Bao nhiêu tiền?,To go. How much is it?,
lesson_l25_d4,"Dạ, ba mươi nghìn ạ.","That will be thirty thousand, please.",
lesson_l25_v0,xin chào,hello,
lesson_l25_v1,gì,what,
lesson_l25_v2,một cốc,one cup / glass,
lesson_l25_v3,ở đây,for here,
lesson_l25_v4,mang về,to go / take away,
lesson_l25_v5,dạ,polite particle (start of sentence),
lesson_l25_v6,nghìn,thousand,
lesson_l25_v7,cà phê đen,black coffee,
lesson_l25_v8,nóng,hot,
lesson_l25_v9,sữa,milk,
lesson_l25_v10,uống,to drink,
lesson_l25_v11,cho mình,I would like (give me),
lesson_l25_v12,cà phê sữa đá,iced milk coffee,
lesson_l25_v13,hay,or,
lesson_l25_v14,bao nhiêu tiền,how much is it,
lesson_l25_v15,ba mươi,thirty,
lesson_l25_v16,ạ,polite particle (end of sentence),
lesson_l25_v17,trà,tea,
lesson_l25_v18,đá,ice,
lesson_l26_d0,"Chào bạn, bạn muốn gọi món gì?","Hello, what would you like to order?",
lesson_l26_d1,Cho tôi một bát phở bò.,I would like a bowl of beef pho.,
lesson_l26_d2,Bạn uống gì không?,Would you like anything to drink?,
lesson_l26_d3,Cho tôi một cốc cà phê sữa đá.,I would like a glass of iced milk coffee.,
lesson_l26_v0,cho tôi,give me,
lesson_l26_v1,một,one,
lesson_l26_v2,phở bò,beef pho,
lesson_l26_v3,cốc,glass / cup,
lesson_l26_v4,gì,what / anything,
lesson_l26_v5,trà đá,iced tea,
lesson_l26_v6,đĩa,plate,
lesson_l26_v7,gọi món,to order food,
lesson_l26_v8,bát,bowl,
lesson_l26_v9,uống,to drink,
lesson_l26_v10,cà phê sữa đá,iced milk coffee,
lesson_l26_v11,bánh mì,Vietnamese sandwich,
lesson_l26_v12,cơm tấm,broken rice,
lesson_l27_d0,"Xin chào, quý khách muốn gọi món gì ạ?","Hello, what would you like to order?",
lesson_l27_d1,Cho tôi bún thịt nướng. Món này có lạc không?,I will have grilled pork noodles. Does this dish have peanuts?,
lesson_l27_d2,Dạ có ạ. Món này có nhiều lạc.,"Yes, it does. This dish has a lot of peanuts.",
lesson_l27_d3,Tôi không ăn được lạc. Xin đừng cho lạc.,I cannot eat peanuts. Please do not add peanuts.,
lesson_l27_d4,"Dạ vâng, bún thịt nướng không lạc ạ.","Yes, understood. Grilled pork noodles without peanuts.",
lesson_l27_v0,lạc,peanut,
lesson_l27_v1,bún thịt nướng,grilled pork noodles,
lesson_l27_v2,món,dish,
lesson_l27_v3,đừng,do not,
lesson_l27_v4,nhiều,a lot,
lesson_l27_v5,dị ứng,allergy,
lesson_l27_v6,bột ngọt,MSG,
lesson_l27_v7,đậu phộng,peanut (Southern),
lesson_l27_v8,gọi món,to order food,
lesson_l27_v9,không ăn được,cannot eat,
lesson_l27_v10,cho,to add,
lesson_l27_v11,quý khách,customer,
lesson_l27_v12,hải sản,seafood,
lesson_l27_v13,ăn chay,vegetarian,
lesson_l28_d0,Quý khách có muốn dùng thêm gì không ạ?,Would you like to order anything else?,
lesson_l28_d1,"Không, cảm ơn em. Cho tính tiền nhé!","No, thank you. The bill, please!",
lesson_l28_d2,Tổng cộng là ba trăm nghìn ạ.,The total is three hundred thousand.,
lesson_l28_d3,Trả bằng thẻ được không em?,Can I pay by card?,
lesson_l28_d4,Được ạ. Quý khách đợi một chút nhé.,Yes. Please wait a moment.,
lesson_l28_v0,quý khách,customer / guest,
lesson_l28_v1,cho tính tiền,"the bill, please",
lesson_l28_v2,tổng cộng,total,
lesson_l28_v3,trả,to pay,
lesson_l28_v4,trả bằng thẻ,to pay by card,
lesson_l28_v5,được không,is it possible?,
lesson_l28_v6,hóa đơn,receipt,
lesson_l28_v7,dùng thêm,to order more,
lesson_l28_v8,tính tiền,to calculate the bill,
lesson_l28_v9,nghìn,thousand,
lesson_l28_v10,thẻ,card,
lesson_l28_v11,tiền mặt,cash,
lesson_l28_v12,đợi một chút,wait a moment,
lesson_l29_d0,"Chào bạn, bạn muốn ăn gì ạ?","Hello, what would you like to eat?",
lesson_l29_d1,Cái này là món gì?,What is this dish?,
lesson_l29_d2,"Dạ, đó là bún chả.",That is bun cha.,
lesson_l29_d3,Cho tôi một suất bún chả nhé.,Please give me one portion of bun cha.,
lesson_l29_v0,cái này,this one,
lesson_l29_v1,gì,what,
lesson_l29_v2,cho tôi,give me,
lesson_l29_v3,suất,portion,
lesson_l29_v4,muốn,to want,
lesson_l29_v5,đó,that,
lesson_l29_v6,bánh mì,banh mi,
lesson_l29_v7,thực đơn,menu,
lesson_l29_v8,món,dish,
lesson_l29_v9,bún chả,bun cha,
lesson_l29_v10,một,one,
lesson_l29_v11,nhé,particle for requests,
lesson_l29_v12,ăn,to eat,
lesson_l29_v13,phở,pho,
lesson_l29_v14,cái kia,that one,
lesson_l30_d0,"Chào bạn, bạn uống gì ạ?","Hello, what would you like to drink?",
lesson_l30_d1,Cho tôi một cốc trà đá và một chai nước suối.,Give me a glass of iced tea and a bottle of mineral water.,
lesson_l30_d2,Vâng ạ. Bạn dùng ở đây hay mang đi?,Yes. Will you have it here or take it away?,
lesson_l30_d3,Mang đi. Tính tiền cho tôi nhé.,Take away. The bill please.,
lesson_l30_d4,Tổng cộng là hai mươi lăm nghìn ạ.,The total is twenty-five thousand.,
lesson_l30_v0,uống,to drink,
lesson_l30_v1,cho tôi,give me,
lesson_l30_v2,trà đá,iced tea,
lesson_l30_v3,nước suối,mineral water,
lesson_l30_v4,hay,or,
lesson_l30_v5,tính tiền,the bill,
lesson_l30_v6,hai mươi lăm,twenty-five,
lesson_l30_v7,gì,what,
lesson_l30_v8,cốc,glass,
lesson_l30_v9,chai,bottle,
lesson_l30_v10,dùng ở đây,to have it here,
lesson_l30_v11,mang đi,to take away,
lesson_l30_v12,tổng cộng,total,
lesson_l30_v13,nghìn,thousand,
lesson_l31_d0,"Chào bạn, bạn bị sao ạ?","Hello, what's wrong?",
lesson_l31_d1,Tôi bị đau ở đây.,It hurts here.,
lesson_l31_d2,"Vâng, đây là thuốc cho bạn.","Yes, here is medicine for you.",
lesson_l31_d3,Thuốc này uống thế nào ạ?,How do I take this medicine?,
lesson_l31_d4,Uống hai viên sau khi ăn.,Take two pills after eating.,
lesson_l31_v0,bị sao,what's wrong,
lesson_l31_v1,ở đây,here,
lesson_l31_v2,uống,to take (medicine),
lesson_l31_v3,viên,pill / tablet,
lesson_l31_v4,ăn,to eat,
lesson_l31_v5,đau đầu,headache,
lesson_l31_v6,đau,pain / to hurt,
lesson_l31_v7,thuốc,medicine,
lesson_l31_v8,thế nào,how,
lesson_l31_v9,sau khi,after,
lesson_l31_v10,nhà thuốc,pharmacy,
lesson_l31_v11,đau bụng,stomachache,
lesson_l32_d0,Chào anh. Anh cần khám bệnh ạ?,Hello. Do you need to see a doctor?,
lesson_l32_d1,Chào chị. Tôi muốn khám bệnh.,Hello. I want to see a doctor.,
lesson_l32_d2,Dạ được. Anh cho tôi xem hộ chiếu nhé.,"Yes, okay. Please let me see your passport.",
lesson_l32_d3,Đây là hộ chiếu của tôi.,Here is my passport.,
lesson_l32_d4,Cảm ơn anh. Anh vui lòng ngồi đợi.,Thank you. Please sit and wait.,
lesson_l32_d5,Cảm ơn chị.,Thank you.,
lesson_l32_v0,khám bệnh,to see a doctor,
lesson_l32_v1,cần,to need,
lesson_l32_v2,đây là,here is,
lesson_l32_v3,vui lòng,please,
lesson_l32_v4,đợi,to wait,
lesson_l32_v5,dạ được,"yes, okay",
lesson_l32_v6,bác sĩ,doctor,
lesson_l32_v7,hộ chiếu,passport,
lesson_l32_v8,muốn,to want,
lesson_l32_v9,của,of / belonging to,
lesson_l32_v10,ngồi,to sit,
lesson_l32_v11,xem,to see,
lesson_l32_v12,phòng khám,clinic,
lesson_l33_d0,Chào anh. Anh cần giúp gì ạ?,Hello. How can I help you?,
lesson_l33_d1,Chào chị. Tôi muốn đặt lịch khám với bác sĩ.,Hello. I want to make an appointment with a doctor.,
lesson_l33_d2,Vâng. Ba giờ chiều nay được không ạ?,Yes. Is three o'clock this afternoon okay?,
lesson_l33_d3,Ba giờ tôi bận rồi. Bốn giờ rưỡi được không?,I am busy at three. Is four thirty okay?,
lesson_l33_d4,Dạ được. Hẹn anh lúc bốn giờ rưỡi chiều nay.,"Yes, that works. See you at four thirty this afternoon.",
lesson_l33_v0,đặt lịch khám,to make a doctor's appointment,
lesson_l33_v1,được không,is it okay?,
lesson_l33_v2,hẹn,to have an appointment,
lesson_l33_v3,ba giờ,three o'clock,
lesson_l33_v4,giúp,to help,
lesson_l33_v5,phòng khám,clinic,
lesson_l33_v6,ngày mai,tomorrow,
lesson_l33_v7,bác sĩ,doctor,
lesson_l33_v8,bận,busy,
lesson_l33_v9,chiều nay,this afternoon,
lesson_l33_v10,bốn giờ rưỡi,four thirty,
lesson_l33_v11,bệnh viện,hospital,
lesson_l33_v12,sáng nay,this morning,
lesson_l33_v13,y tá,nurse,
lesson_l34_d0,"Chào anh, anh bị sao vậy?","Hello, what is wrong?",
lesson_l34_d1,"Chào bác sĩ, tôi bị đau bụng lắm ạ.","Hello doctor, my stomach hurts a lot.",
lesson_l34_d2,Anh bị đau bao lâu rồi?,How long have you been in pain?,
lesson_l34_d3,Tôi bị đau ba ngày rồi ạ.,I have been in pain for three days already.,
lesson_l34_d4,Anh có bị sốt không?,Do you have a fever?,
lesson_l34_d5,"Dạ có, tôi cũng bị sốt ạ.","Yes, I also have a fever.",
lesson_l34_v0,bác sĩ,doctor,
lesson_l34_v1,đau,pain,
lesson_l34_v2,lắm,a lot,
lesson_l34_v3,rồi,already,
lesson_l34_v4,sốt,fever,
lesson_l34_v5,đau đầu,headache,
lesson_l34_v6,mệt,tired,
lesson_l34_v7,bị sao,what's wrong,
lesson_l34_v8,đau bụng,stomachache,
lesson_l34_v9,bao lâu,how long,
lesson_l34_v10,ngày,day,
lesson_l34_v11,cũng,also,
lesson_l34_v12,ho,cough,
lesson_l35_d0,Cấp cứu một một năm xin nghe. Bạn cần giúp gì?,Emergency one one five listening. What help do you need?,
lesson_l35_d1,Cứu tôi với! Gọi xe cấp cứu giúp tôi!,Help me! Call an ambulance for me!,
lesson_l35_d2,"Được rồi, hãy bình tĩnh. Địa chỉ của bạn là gì?","Alright, please stay calm. What is your address?",
lesson_l35_d3,"Số mười hai, đường Lê Lợi.","Number twelve, Le Loi street.",
lesson_l35_v0,cứu,to save / to rescue,
lesson_l35_v1,xe cấp cứu,ambulance,
lesson_l35_v2,địa chỉ,address,
lesson_l35_v3,đường,street,
lesson_l35_v4,bình tĩnh,calm,
lesson_l35_v5,cảnh sát,police,
lesson_l35_v6,gọi,to call,
lesson_l35_v7,giúp,to help,
lesson_l35_v8,số,number,
lesson_l35_v9,hãy,please (imperative),
lesson_l35_v10,bệnh viện,hospital,
lesson_l35_v11,cấp cứu,emergency,
lesson_l36_d0,"Chào bạn, bạn đau ở đâu?","Hello, where does it hurt?",
lesson_l36_d1,"Chào bác sĩ, tôi bị đau răng.","Hello doctor, I have a toothache.",
lesson_l36_d2,Bạn há miệng ra nhé.,Please open your mouth.,
lesson_l36_d3,Đau quá. Bác sĩ cho tôi thuốc tê nhé.,"It hurts a lot. Please give me anesthesia, doctor.",
lesson_l36_d4,"Được, tôi sẽ tiêm thuốc tê.","Okay, I will inject anesthesia.",
lesson_l36_v0,bác sĩ,doctor,
lesson_l36_v1,răng,tooth,
lesson_l36_v2,miệng,mouth,
lesson_l36_v3,thuốc tê,anesthesia / numbing medicine,
lesson_l36_v4,cho tôi ... nhé,please give me ...,
lesson_l36_v5,khám răng,dental checkup,
lesson_l36_v6,đau,to hurt / pain,
lesson_l36_v7,bị đau răng,to have a toothache,
lesson_l36_v8,há miệng,to open one's mouth,
lesson_l36_v9,tiêm,to inject,
lesson_l36_v10,đau quá,it hurts a lot,
lesson_l36_v11,nhổ răng,to extract a tooth,
lesson_l37_d0,Chào anh. Anh cần mua gì?,Hello. What do you need to buy?,
lesson_l37_d1,Chào chị. Tôi muốn mua thuốc theo đơn này.,Hello. I want to buy medicine according to this prescription.,
lesson_l37_d2,"Vâng, thuốc của anh đây ạ.","Yes, here is your medicine.",
lesson_l37_d3,Thuốc này mỗi ngày uống mấy viên?,How many pills of this medicine do I take a day?,
lesson_l37_d4,"Mỗi ngày uống hai viên, sau bữa ăn.","Take two pills a day, after meals.",
lesson_l37_d5,Cảm ơn chị. Hết bao nhiêu tiền?,Thank you. How much is it?,
lesson_l37_v0,thuốc,medicine,
lesson_l37_v1,theo,according to,
lesson_l37_v2,mua,to buy,
lesson_l37_v3,uống,to take (medicine),
lesson_l37_v4,viên,pill / tablet,
lesson_l37_v5,bữa ăn,meal,
lesson_l37_v6,hết bao nhiêu tiền,how much is it in total,
lesson_l37_v7,đơn thuốc,prescription,
lesson_l37_v8,cần,to need,
lesson_l37_v9,mỗi ngày,every day,
lesson_l37_v10,mấy,how many,
lesson_l37_v11,sau,after,
lesson_l37_v12,trước,before,
lesson_l38_d0,Chào anh. Anh cần làm gì ạ?,Hello. What do you need to do?,
lesson_l38_d1,Tôi cần xin visa. Cần những giấy tờ gì?,I need to apply for a visa. What documents are needed?,
lesson_l38_d2,Anh cần nộp hộ chiếu và hai ảnh.,You need to submit a passport and two photos.,
lesson_l38_d3,Tôi có đủ rồi. Nộp hồ sơ ở đâu?,I have everything. Where do I submit the application?,
lesson_l38_d4,Anh nộp ở quầy số năm nhé.,Please submit it at counter number five.,
lesson_l38_v0,xin visa,to apply for a visa,
lesson_l38_v1,nộp,to submit,
lesson_l38_v2,ảnh,photo,
lesson_l38_v3,quầy,counter,
lesson_l38_v4,đơn xin,application form,
lesson_l38_v5,thị thực,visa (formal),
lesson_l38_v6,giấy tờ,documents,
lesson_l38_v7,hộ chiếu,passport,
lesson_l38_v8,hồ sơ,application file,
lesson_l38_v9,đủ,enough,
lesson_l38_v10,lệ phí,fee,
lesson_l38_v11,gia hạn,to extend,
lesson_l39_d0,Chào anh. Anh cần giúp gì không?,Hello. Do you need any help?,
lesson_l39_d1,Vâng. Tôi không hiểu tờ đơn này.,Yes. I don't understand this form.,
lesson_l39_d2,Anh không hiểu chỗ nào?,Which part do you not understand?,
lesson_l39_d3,Chỗ này nghĩa là gì?,What does this part mean?,
lesson_l39_d4,Chỗ đó là địa chỉ của anh.,That part is your address.,
lesson_l39_d5,Cảm ơn chị nhiều.,Thank you very much.,
lesson_l39_v0,giúp,to help,
lesson_l39_v1,tờ đơn,form,
lesson_l39_v2,nghĩa là gì,what does it mean,
lesson_l39_v3,cần,to need,
lesson_l39_v4,chữ ký,signature,
lesson_l39_v5,ngày sinh,date of birth,
lesson_l39_v6,hiểu,to understand,
lesson_l39_v7,chỗ,part / place,
lesson_l39_v8,địa chỉ,address,
lesson_l39_v9,điền,to fill out,
lesson_l39_v10,họ tên,full name,
lesson_l39_v11,giấy tờ,document / papers,
lesson_l40_d0,Xin chào quý khách. Tôi có thể giúp gì cho quý khách ạ?,Hello. How can I help you?,
lesson_l40_d1,Tôi muốn mở tài khoản ngân hàng.,I want to open a bank account.,
lesson_l40_d2,Dạ vâng. Quý khách có mang theo hộ chiếu không ạ?,Yes. Do you have your passport with you?,
lesson_l40_d3,"Có, hộ chiếu đây. Tôi cần giấy tờ gì nữa không?","Yes, here is the passport. Do I need any other documents?",
lesson_l40_d4,Ngân hàng cần thêm visa hoặc thẻ cư trú ạ.,The bank also needs a visa or residence card.,
lesson_l40_d5,Tôi có thẻ cư trú. Đây nhé.,I have a residence card. Here you go.,
lesson_l40_v0,ngân hàng,bank,
lesson_l40_v1,mở,to open,
lesson_l40_v2,thẻ cư trú,residence card,
lesson_l40_v3,giấy tờ,documents,
lesson_l40_v4,mang theo,to bring along,
lesson_l40_v5,giúp,to help,
lesson_l40_v6,thêm,additional,
lesson_l40_v7,tài khoản,account,
lesson_l40_v8,hộ chiếu,passport,
lesson_l40_v9,visa,visa,
lesson_l40_v10,quý khách,customer (formal),
lesson_l40_v11,cần,to need,
lesson_l40_v12,hoặc,or,
lesson_l40_v13,nữa,else,
lesson_l41_d0,"Xin chào, bạn cần mua gì ạ?","Hello, what do you need to buy?",
lesson_l41_d1,Tôi muốn mua sim có mạng.,I want to buy a SIM with internet.,
lesson_l41_d2,"Dạ, chúng tôi có gói một tháng.","Yes, we have a one-month package.",
lesson_l41_d3,Tuyệt vời. Gói một tháng giá bao nhiêu?,Great. How much is the one-month package?,
lesson_l41_d4,"Dạ, hai trăm nghìn đồng ạ. Xin hộ chiếu của bạn.","Yes, two hundred thousand dong. Your passport, please.",
lesson_l41_v0,muốn,to want,
lesson_l41_v1,cần,to need,
lesson_l41_v2,gói,package,
lesson_l41_v3,giá bao nhiêu,how much,
lesson_l41_v4,nghìn,thousand,
lesson_l41_v5,hộ chiếu,passport,
lesson_l41_v6,dạ,polite yes,
lesson_l41_v7,của,of,
lesson_l41_v8,mua,to buy,
lesson_l41_v9,sim có mạng,data SIM,
lesson_l41_v10,một tháng,one month,
lesson_l41_v11,hai trăm,two hundred,
lesson_l41_v12,đồng,dong (currency),
lesson_l41_v13,tuyệt vời,great,
lesson_l41_v14,ạ,polite ending particle,
lesson_l42_d0,"Chào anh, em cần hộ chiếu để đăng ký ạ.","Hello, I need your passport to register.",
lesson_l42_d1,Đây là hộ chiếu của tôi.,Here is my passport.,
lesson_l42_d2,"Dạ, khách sạn phải đăng ký với công an.","Yes, the hotel must register with the police.",
lesson_l42_d3,Khi nào tôi lấy lại được hộ chiếu?,When can I get the passport back?,
lesson_l42_d4,Sáng mai em sẽ trả lại cho anh ạ.,Tomorrow morning I will return it to you.,
lesson_l42_d5,"Được, ngày mai tôi sẽ lấy.","Okay, I will get it tomorrow.",
lesson_l42_v0,hộ chiếu,passport,
lesson_l42_v1,khách sạn,hotel,
lesson_l42_v2,khi nào,when,
lesson_l42_v3,trả lại,to return,
lesson_l42_v4,ngày mai,tomorrow,
lesson_l42_v5,phải,must,
lesson_l42_v6,đăng ký,to register,
lesson_l42_v7,công an,police,
lesson_l42_v8,lấy lại,to get back,
lesson_l42_v9,sáng mai,tomorrow morning,
lesson_l42_v10,cần,to need,
lesson_l42_v11,được,okay,
lesson_l43_d0,"Chào anh, anh cần giúp gì ạ?","Hello sir, how can I help you?",
lesson_l43_d1,Chào chị. Tôi muốn gửi bưu kiện này đi Mỹ.,Hello. I want to send this parcel to America.,
lesson_l43_d2,Vâng. Anh muốn gửi thường hay gửi nhanh ạ?,Yes. Do you want to send standard or express?,
lesson_l43_d3,Gửi thường. Phí gửi là bao nhiêu tiền?,Standard. How much is the shipping fee?,
lesson_l43_d4,Phí gửi là năm trăm nghìn đồng ạ.,The shipping fee is five hundred thousand dong.,
lesson_l43_v0,gửi,to send,
lesson_l43_v1,Mỹ,America,
lesson_l43_v2,gửi nhanh,express shipping,
lesson_l43_v3,bao nhiêu,how much,
lesson_l43_v4,năm trăm,five hundred,
lesson_l43_v5,đồng,dong (currency),
lesson_l43_v6,thư,letter,
lesson_l43_v7,bưu kiện,parcel,
lesson_l43_v8,gửi thường,standard shipping,
lesson_l43_v9,phí gửi,shipping fee,
lesson_l43_v10,tiền,money,
lesson_l43_v11,nghìn,thousand,
lesson_l43_v12,bưu điện,post office,
lesson_l43_v13,địa chỉ,address,
lesson_l44_d0,"Chào anh, anh cần giúp gì ạ?","Hello, how can I help you?",
lesson_l44_d1,"Xin lỗi, tôi lấy số ở đâu?","Excuse me, where do I take a number?",
lesson_l44_d2,Máy lấy số ở đằng kia ạ.,The ticket machine is over there.,
lesson_l44_d3,Cảm ơn. Tôi đợi ở quầy nào?,Thank you. Which counter do I wait at?,
lesson_l44_d4,Anh đợi ở quầy số ba nhé.,Please wait at counter number three.,
lesson_l44_v0,lấy,to take / to get,
lesson_l44_v1,lấy số,to take a number,
lesson_l44_v2,ở đâu,where,
lesson_l44_v3,đợi,to wait,
lesson_l44_v4,nào,which,
lesson_l44_v5,xếp hàng,to line up,
lesson_l44_v6,cần,to need,
lesson_l44_v7,gì,what,
lesson_l44_v8,số,number,
lesson_l44_v9,máy,machine,
lesson_l44_v10,ở đằng kia,over there,
lesson_l44_v11,quầy,counter,
lesson_l44_v12,số ba,number three,
lesson_l44_v13,đến lượt,to be one's turn,
lesson_l44_v14,giúp,to help,
lesson_l45_d0,Xin chào. Bạn cần giúp gì ạ?,Hello. What do you need help with?,
lesson_l45_d1,Chào bạn. Tôi cần tìm lớp tiếng Việt.,Hello. I need to find a Vietnamese class.,
lesson_l45_d2,Vâng. Bạn muốn học buổi sáng hay buổi tối?,Yes. Do you want to study in the morning or evening?,
lesson_l45_d3,Tôi cần học lớp buổi tối.,I need to take an evening class.,
lesson_l45_v0,cần,to need,
lesson_l45_v1,tìm,to find,
lesson_l45_v2,tiếng Việt,Vietnamese (language),
lesson_l45_v3,buổi sáng,morning,
lesson_l45_v4,muốn,to want,
lesson_l45_v5,vâng,yes (polite),
lesson_l45_v6,tiếng Anh,English (language),
lesson_l45_v7,giúp,to help,
lesson_l45_v8,lớp,class,
lesson_l45_v9,học,to study,
lesson_l45_v10,buổi tối,evening,
lesson_l45_v11,hay,or (in questions),
lesson_l45_v12,buổi chiều,afternoon,
lesson_l45_v13,giáo viên,teacher,
lesson_l46_d0,Căn hộ này có đầy đủ nội thất ạ.,This apartment is fully furnished.,
lesson_l46_d1,Giá thuê một tháng là bao nhiêu?,How much is the rent per month?,
lesson_l46_d2,Giá thuê là mười triệu đồng một tháng ạ.,The rent is ten million dong a month.,
lesson_l46_d3,Giá đó bao gồm điện và nước chưa?,Does that price include electricity and water?,
lesson_l46_d4,Tiền điện và tiền nước tính riêng ạ.,Electricity and water are calculated separately.,
lesson_l46_d5,Căn hộ rất đẹp. Tôi sẽ thuê.,The apartment is very nice. I will rent it.,
lesson_l46_v0,căn hộ,apartment,
lesson_l46_v1,đầy đủ,fully / complete,
lesson_l46_v2,thuê,to rent,
lesson_l46_v3,triệu,million,
lesson_l46_v4,điện,electricity,
lesson_l46_v5,tiền điện,electricity bill,
lesson_l46_v6,tính riêng,calculated separately,
lesson_l46_v7,nội thất,furniture,
lesson_l46_v8,giá thuê,rent,
lesson_l46_v9,tháng,month,
lesson_l46_v10,bao gồm,to include,
lesson_l46_v11,nước,water,
lesson_l46_v12,tiền nước,water bill,
lesson_l47_d0,Đây là hợp đồng thuê nhà.,Here is the rental contract.,
lesson_l47_d1,Tiền cọc là bao nhiêu ạ?,How much is the deposit?,
lesson_l47_d2,Tiền cọc là một tháng tiền nhà.,The deposit is one month of rent.,
lesson_l47_d3,Khi nào tôi có thể chuyển vào ạ?,When can I move in?,
lesson_l47_d4,Ngày mai anh có thể chuyển vào.,You can move in tomorrow.,
lesson_l47_d5,"Tốt quá, tôi sẽ ký hợp đồng.","Great, I will sign the contract.",
lesson_l47_v0,hợp đồng,contract,
lesson_l47_v1,tiền cọc,deposit,
lesson_l47_v2,tháng,month,
lesson_l47_v3,ngày mai,tomorrow,
lesson_l47_v4,tốt quá,great,
lesson_l47_v5,chìa khóa,key,
lesson_l47_v6,thuê nhà,to rent a house,
lesson_l47_v7,tiền nhà,rent,
lesson_l47_v8,chuyển vào,to move in,
lesson_l47_v9,ký,to sign,
lesson_l47_v10,chủ nhà,landlord,
lesson_l47_v11,phòng,room,
lesson_l48_d0,"Xin chào, lễ tân xin nghe.","Hello, reception listening.",
lesson_l48_d1,Chào bạn. Điều hòa phòng tôi bị hỏng.,Hello. The air conditioner in my room is broken.,
lesson_l48_d2,"Dạ, quý khách ở phòng số mấy ạ?","Yes, what room are you in?",
lesson_l48_d3,Phòng ba không hai. Bạn gọi thợ giúp tôi nhé.,Room three zero two. Please call a repairman for me.,
lesson_l48_d4,"Vâng ạ, thợ sẽ lên ngay bây giờ.","Yes, a repairman will come up right now.",
lesson_l48_v0,lễ tân,reception,
lesson_l48_v1,phòng,room,
lesson_l48_v2,quý khách,guest,
lesson_l48_v3,thợ,repairman,
lesson_l48_v4,ngay bây giờ,right now,
lesson_l48_v5,đèn,light,
lesson_l48_v6,nước nóng,hot water,
lesson_l48_v7,điều hòa,air conditioner,
lesson_l48_v8,bị hỏng,broken,
lesson_l48_v9,gọi,to call,
lesson_l48_v10,giúp,to help,
lesson_l48_v11,tivi,TV,
lesson_l48_v12,tủ lạnh,refrigerator,
lesson_l48_v13,sửa,to fix,
lesson_l49_d0,"Chào anh, anh cần giúp gì ạ?","Hello, how can I help you?",
lesson_l49_d1,Phòng của tôi không có nước nóng.,My room does not have hot water.,
lesson_l49_d2,Xin lỗi anh. Chúng tôi sẽ sửa ngay.,I apologize. We will fix it right away.,
lesson_l49_d3,Bao lâu thì sửa xong?,How long until it is fixed?,
lesson_l49_d4,Khoảng ba mươi phút nữa ạ.,In about thirty minutes.,
lesson_l49_v0,phòng,room,
lesson_l49_v1,nước nóng,hot water,
lesson_l49_v2,ngay,right away,
lesson_l49_v3,xong,finished,
lesson_l49_v4,phút,minute,
lesson_l49_v5,hỏng,broken,
lesson_l49_v6,máy lạnh,air conditioner,
lesson_l49_v7,không có,does not have,
lesson_l49_v8,sửa,to fix,
lesson_l49_v9,bao lâu,how long,
lesson_l49_v10,khoảng,about,
lesson_l49_v11,giúp,to help,
lesson_l49_v12,điện,electricity,
lesson_l49_v13,chờ,to wait,
lesson_l50_d0,Chào chị. Em ở nhà bên cạnh.,Hello. I live next door.,
lesson_l50_d1,Chào em. Chị là Lan. Rất vui được gặp em.,Hello. I am Lan. Nice to meet you.,
lesson_l50_d2,Em tên là Tom. Em vẫn đang học tiếng Việt.,My name is Tom. I am still learning Vietnamese.,
lesson_l50_d3,Tiếng Việt của em rất tốt!,Your Vietnamese is very good!,
lesson_l50_d4,Cảm ơn chị ạ.,Thank you.,
lesson_l50_v0,chị,you (older female) / older sister,
lesson_l50_v1,nhà,house,
lesson_l50_v2,rất vui,very happy,
lesson_l50_v3,tên,name,
lesson_l50_v4,đang,currently (doing),
lesson_l50_v5,tiếng Việt,Vietnamese (language),
lesson_l50_v6,tốt,good,
lesson_l50_v7,em,I (younger) / younger sibling,
lesson_l50_v8,bên cạnh,next door / next to,
lesson_l50_v9,gặp,to meet,
lesson_l50_v10,vẫn,still,
lesson_l50_v11,học,to learn,
lesson_l50_v12,của,of (possession),
lesson_l50_v13,ạ,polite particle,
lesson_l51_d0,Chào bạn. Hôm nay trời đẹp quá nhỉ!,"Hello. The weather is so nice today, isn't it!",
lesson_l51_d1,Trời rất mát. Bạn đi làm à?,It's very cool. Are you going to work?,
lesson_l51_d2,Đúng rồi. Mình đi làm đây.,That's right. I'm heading to work now.,
lesson_l51_d3,Đi cẩn thận nhé. Hẹn gặp lại!,Drive safely. See you later!,
lesson_l51_v0,hôm nay,today,
lesson_l51_v1,đẹp,beautiful / nice,
lesson_l51_v2,nóng,hot (weather),
lesson_l51_v3,nắng,sunny,
lesson_l51_v4,đi làm,to go to work,
lesson_l51_v5,hẹn gặp lại,see you later,
lesson_l51_v6,trời,sky / weather,
lesson_l51_v7,mát,cool (weather),
lesson_l51_v8,lạnh,cold (weather),
lesson_l51_v9,mưa,rain,
lesson_l51_v10,cẩn thận,careful / carefully,
lesson_l51_v11,đúng rồi,that's right,
lesson_l52_d0,Chào bạn. Mình có việc muốn nhờ bạn.,Hi. I have a favor to ask you.,
lesson_l52_d1,Chào bạn. Bạn cần giúp gì vậy?,Hi. What do you need help with?,
lesson_l52_d2,Bạn có cái kéo không? Cho mình mượn một lát nhé.,Do you have scissors? Please let me borrow them for a moment.,
lesson_l52_d3,Có chứ. Bạn đợi mình một chút.,Sure. Wait for me a moment.,
lesson_l52_d4,Cảm ơn bạn nhiều nhé.,Thank you very much.,
lesson_l52_d5,Không có gì đâu.,It's nothing.,
lesson_l52_v0,việc,matter / work,
lesson_l52_v1,cần,to need,
lesson_l52_v2,cái kéo,scissors,
lesson_l52_v3,một lát,a moment,
lesson_l52_v4,một chút,a little bit,
lesson_l52_v5,cục sạc,charger,
lesson_l52_v6,nhờ,to ask for a favor,
lesson_l52_v7,giúp,to help,
lesson_l52_v8,mượn,to borrow,
lesson_l52_v9,đợi,to wait,
lesson_l52_v10,cái bút,pen,
lesson_l52_v11,cái ô,umbrella,
lesson_l53_d0,Chào bạn. Bạn đang tìm việc gì?,Hello. What job are you looking for?,
lesson_l53_d1,Chào anh. Tôi đang tìm việc làm giáo viên.,Hello. I am looking for a job as a teacher.,
lesson_l53_d2,Bạn có kinh nghiệm làm việc chưa?,Do you have work experience yet?,
lesson_l53_d3,Rồi ạ. Tôi đã làm việc ở một trường học hai năm.,Yes. I worked at a school for two years.,
lesson_l53_d4,Rất tốt. Bạn có thể bắt đầu làm việc khi nào?,Very good. When can you start working?,
lesson_l53_d5,Tôi có thể bắt đầu vào tuần sau.,I can start next week.,
lesson_l53_v0,tìm việc,to look for a job,
lesson_l53_v1,kinh nghiệm,experience,
lesson_l53_v2,làm việc,to work,
lesson_l53_v3,giáo viên,teacher,
lesson_l53_v4,khi nào,when,
lesson_l53_v5,phỏng vấn,interview,
lesson_l53_v6,nhân viên,employee,
lesson_l53_v7,việc làm,job,
lesson_l53_v8,đã,past tense marker,
lesson_l53_v9,bắt đầu,to start,
lesson_l53_v10,trường học,school,
lesson_l53_v11,tuần sau,next week,
lesson_l53_v12,công ty,company,
lesson_l53_v13,lương,salary,
lesson_l54_d0,"Chào em, chào mừng em đến công ty. Hôm nay em bắt đầu làm việc nhỉ?","Hello, welcome to the company. You start working today, right?",
lesson_l54_d1,"Chào chị. Vâng, hôm nay em bắt đầu làm việc ạ.","Hello. Yes, today I start working.",
lesson_l54_d2,Để chị hướng dẫn nhé. Em muốn hỏi gì trước?,Let me guide you. What do you want to ask first?,
lesson_l54_d3,Bàn làm việc của em ở đâu ạ?,Where is my desk?,
lesson_l54_d4,Bàn làm việc của em ở đây.,Your desk is here.,
lesson_l54_d5,Còn nhà vệ sinh và phòng ăn ở đâu ạ?,And where are the restroom and the pantry?,
lesson_l54_d6,"Ở đằng kia, cuối hành lang.","Over there, at the end of the hallway.",
lesson_l54_d7,"Dạ vâng, em cảm ơn chị ạ.","Yes, thank you.",
lesson_l54_v0,hôm nay,today,
lesson_l54_v1,làm việc,to work,
lesson_l54_v2,công ty,company,
lesson_l54_v3,trước,first,
lesson_l54_v4,ở đâu,where,
lesson_l54_v5,nhà vệ sinh,restroom,
lesson_l54_v6,ở đằng kia,over there,
lesson_l54_v7,hành lang,hallway,
lesson_l54_v8,bắt đầu,to start,
lesson_l54_v9,chào mừng,welcome,
lesson_l54_v10,hướng dẫn,to guide,
lesson_l54_v11,bàn làm việc,desk,
lesson_l54_v12,ở đây,here,
lesson_l54_v13,phòng ăn,pantry,
lesson_l54_v14,cuối,end,
lesson_l55_d0,"Alo, sếp đây. Có chuyện gì thế em?","Hello, boss here. What's the matter?",
lesson_l55_d1,Chào sếp. Hôm nay em bị ốm ạ.,Hello boss. Today I am sick.,
lesson_l55_d2,Thế à? Em mệt lắm không?,Is that so? Are you very sick?,
lesson_l55_d3,Em bị sốt. Em cần xin nghỉ một ngày ạ.,I have a fever. I need a day off.,
lesson_l55_d4,Được rồi. Em ở nhà nghỉ ngơi đi.,Alright. Stay home and rest.,
lesson_l55_v0,sếp,boss,
lesson_l55_v1,hôm nay,today,
lesson_l55_v2,bị sốt,to have a fever,
lesson_l55_v3,xin nghỉ,to ask for time off,
lesson_l55_v4,ạ,polite particle,
lesson_l55_v5,ở nhà,to stay home,
lesson_l55_v6,đau đầu,to have a headache,
lesson_l55_v7,uống thuốc,to take medicine,
lesson_l55_v8,bị ốm,to be sick,
lesson_l55_v9,mệt,tired,
lesson_l55_v10,cần,to need,
lesson_l55_v11,một ngày,one day,
lesson_l55_v12,được rồi,alright,
lesson_l55_v13,nghỉ ngơi,to rest,
lesson_l55_v14,đau họng,to have a sore throat,
lesson_l55_v15,có chuyện gì,what's the matter,
lesson_l56_d0,"Chào chị, chị cần giúp gì ạ?","Hello, how can I help you?",
lesson_l56_d1,"Chào em, chị muốn đăng ký học cho con.","Hello, I want to register my child for school.",
lesson_l56_d2,"Dạ, bé mấy tuổi rồi ạ?","Yes, how old is the child?",
lesson_l56_d3,Cháu năm tuổi. Cần những giấy tờ gì?,He is five years old. What documents are needed?,
lesson_l56_d4,Chị cần nộp giấy khai sinh của bé ạ.,You need to submit the child's birth certificate.,
lesson_l56_v0,đăng ký,to register,
lesson_l56_v1,giúp,to help,
lesson_l56_v2,bé,little child,
lesson_l56_v3,năm tuổi,five years old,
lesson_l56_v4,nộp,to submit,
lesson_l56_v5,cần,to need,
lesson_l56_v6,trường học,school,
lesson_l56_v7,học,to study,
lesson_l56_v8,con,child,
lesson_l56_v9,mấy tuổi,how old,
lesson_l56_v10,giấy tờ,documents,
lesson_l56_v11,giấy khai sinh,birth certificate,
lesson_l56_v12,hồ sơ,application file,
lesson_l56_v13,nhập học,to enroll,
lesson_l57_d0,Chào chị. Mời chị ngồi.,Hello. Please sit down.,
lesson_l57_d1,Chào cô. Con tôi dạo này học thế nào ạ?,Hello teacher. How is my child studying lately?,
lesson_l57_d2,"Cháu học tốt, nhưng hơi chậm môn Toán.","They study well, but are a bit slow in Math.",
lesson_l57_d3,Cháu có cần giúp đỡ thêm không ạ?,Do they need extra help?,
lesson_l57_d4,Có ạ. Tôi sẽ giúp cháu thêm ở lớp.,Yes. I will help them more in class.,
lesson_l57_v0,ngồi,to sit,
lesson_l57_v1,học,to study,
lesson_l57_v2,tốt,good / well,
lesson_l57_v3,hơi,a bit / slightly,
lesson_l57_v4,môn Toán,Math,
lesson_l57_v5,giúp đỡ,to help,
lesson_l57_v6,ở lớp,in class,
lesson_l57_v7,cô giáo,female teacher,
lesson_l57_v8,dạo này,lately,
lesson_l57_v9,thế nào,how,
lesson_l57_v10,nhưng,but,
lesson_l57_v11,chậm,slow,
lesson_l57_v12,cần,to need,
lesson_l57_v13,thêm,more / extra,
lesson_l57_v14,cháu,child / student,
lesson_l58_d0,Đồ ăn trông ngon quá.,The food looks so good.,
lesson_l58_d1,Đúng vậy. Chúc bạn ngon miệng nhé!,That's right. Enjoy your meal!,
lesson_l58_d2,Cảm ơn bạn. Cuối tuần này bạn làm gì?,Thank you. What are you doing this weekend?,
lesson_l58_d3,Mình đi xem phim. Còn bạn thì sao?,I'm going to see a movie. How about you?,
lesson_l58_d4,Mình ở nhà nghỉ ngơi thôi.,I'm just staying home to rest.,
lesson_l58_v0,đồ ăn,food,
lesson_l58_v1,ngon,delicious,
lesson_l58_v2,chúc ngon miệng,enjoy your meal,
lesson_l58_v3,làm gì,to do what,
lesson_l58_v4,còn bạn thì sao,how about you,
lesson_l58_v5,nghỉ ngơi,to rest,
lesson_l58_v6,bạn,you (casual peer),
lesson_l58_v7,trông,to look / to appear,
lesson_l58_v8,đúng vậy,that's right,
lesson_l58_v9,cuối tuần,weekend,
lesson_l58_v10,xem phim,to watch a movie,
lesson_l58_v11,ở nhà,to stay home,
lesson_l58_v12,mình,I (casual peer),
lesson_l59_d0,"Chào bạn, xin mời lên xe.","Hello, please get on the bus.",
lesson_l59_d1,"Xin lỗi, xe buýt này có đi sân bay không?","Excuse me, does this bus go to the airport?",
lesson_l59_d2,"Có, xe này đi sân bay.","Yes, this bus goes to the airport.",
lesson_l59_d3,Cho tôi một vé. Bao nhiêu tiền?,Give me one ticket. How much is it?,
lesson_l59_d4,Mười nghìn đồng.,Ten thousand dong.,
lesson_l59_v0,xe buýt,bus,
lesson_l59_v1,đi,to go,
lesson_l59_v2,bao nhiêu tiền,how much money,
lesson_l59_v3,đồng,dong (currency),
lesson_l59_v4,cho tôi,give me,
lesson_l59_v5,bến xe,bus station,
lesson_l59_v6,lên xe,to get on (a vehicle),
lesson_l59_v7,này,this,
lesson_l59_v8,sân bay,airport,
lesson_l59_v9,vé,ticket,
lesson_l59_v10,mười nghìn,ten thousand,
lesson_l59_v11,xin lỗi,excuse me,
lesson_l59_v12,trạm xe buýt,bus stop,
lesson_l59_v13,trung tâm,center,
lesson_l59_v14,xin mời,please (inviting),
lesson_l60_d0,"Chào anh, anh cần gì ạ?","Hello, what do you need?",
lesson_l60_d1,Anh muốn nạp tiền Grab.,I want to top up my Grab.,
lesson_l60_d2,"Dạ, anh nạp bao nhiêu ạ?","Yes, how much are you topping up?",
lesson_l60_d3,Hai trăm nghìn. Quẹt thẻ được không em?,Two hundred thousand. Can I pay by card?,
lesson_l60_d4,Dạ được ạ. Mời anh quẹt thẻ.,"Yes, you can. Please swipe your card.",
lesson_l60_v0,nạp tiền,to top up,
lesson_l60_v1,bao nhiêu,how much,
lesson_l60_v2,trăm,hundred,
lesson_l60_v3,cần,to need,
lesson_l60_v4,mời,please / to invite,
lesson_l60_v5,chuyển khoản,bank transfer,
lesson_l60_v6,số dư,balance,
lesson_l60_v7,quẹt thẻ,to swipe a card,
lesson_l60_v8,được không,is it possible / can I,
lesson_l60_v9,nghìn,thousand,
lesson_l60_v10,muốn,to want,
lesson_l60_v11,tiền mặt,cash,
lesson_l60_v12,thẻ tín dụng,credit card,
lesson_l61_d0,"Chào bạn, đi xe ôm không?","Hello, want a motorbike taxi?",
lesson_l61_d1,Vâng. Cho tôi đến chợ Đồng Xuân.,Yes. Please take me to Dong Xuan market.,
lesson_l61_d2,"Được rồi, lên xe đi.","Alright, get on the bike.",
lesson_l61_d3,"Anh ơi, dừng lại ở đây nhé.","Excuse me, please stop here.",
lesson_l61_d4,Tới nơi rồi. Của bạn là năm mươi nghìn.,We're here. Your total is fifty thousand.,
lesson_l61_d5,Gửi anh tiền. Cảm ơn anh.,Here is the money. Thank you.,
lesson_l61_v0,xe ôm,motorbike taxi,
lesson_l61_v1,đến,to go to,
lesson_l61_v2,dừng lại,to stop,
lesson_l61_v3,tới nơi,to arrive at the destination,
lesson_l61_v4,nghìn,thousand,
lesson_l61_v5,gửi,to hand over,
lesson_l61_v6,đi thẳng,to go straight,
lesson_l61_v7,chợ,market,
lesson_l61_v8,lên xe,to get on the vehicle,
lesson_l61_v9,ở đây,here,
lesson_l61_v10,năm mươi,fifty,
lesson_l61_v11,tiền,money,
lesson_l61_v12,mũ bảo hiểm,helmet,
lesson_l62_d0,"Xin chào, tiệm tóc xin nghe ạ.","Hello, hair salon here.",
lesson_l62_d1,"Chào bạn, tôi muốn đặt lịch cắt tóc.","Hello, I want to book a haircut appointment.",
lesson_l62_d2,Bạn muốn đến vào thứ mấy ạ?,What day of the week do you want to come?,
lesson_l62_d3,Thứ Sáu tuần này có được không?,Is this Friday okay?,
lesson_l62_d4,Thứ Sáu hết chỗ rồi ạ. Thứ Bảy được không?,Friday is fully booked. Is Saturday okay?,
lesson_l62_d5,"Được, vậy tôi đặt thứ Bảy nhé.","Okay, then I'll book Saturday.",
lesson_l62_v0,tiệm tóc,hair salon,
lesson_l62_v1,cắt tóc,to cut hair,
lesson_l62_v2,tuần này,this week,
lesson_l62_v3,thứ Hai,Monday,
lesson_l62_v4,thứ Tư,Wednesday,
lesson_l62_v5,thứ Sáu,Friday,
lesson_l62_v6,Chủ nhật,Sunday,
lesson_l62_v7,đặt lịch,to book an appointment,
lesson_l62_v8,thứ mấy,what day of the week,
lesson_l62_v9,hết chỗ,fully booked,
lesson_l62_v10,thứ Ba,Tuesday,
lesson_l62_v11,thứ Năm,Thursday,
lesson_l62_v12,thứ Bảy,Saturday,
lesson_l62_v13,tuần sau,next week,
lesson_t1_d0,"Chào anh, quán mình có nhiều món nướng lắm ạ. Anh muốn ăn gì ạ?","Hello, our restaurant has lots of grilled dishes. What would you like to eat?",
lesson_t1_d1,Cho tôi một phần bò nướng và một phần tôm nướng nhé.,Give me one order of grilled beef and one order of grilled shrimp.,
lesson_t1_d2,Dạ được. Anh có muốn uống bia không ạ?,Sure. Would you like to drink beer?,
lesson_t1_d3,"Có, cho tôi một chai bia nữa.","Yes, give me a bottle of beer too.",
lesson_t1_v0,nướng,to grill,
lesson_t1_v1,bò,beef,
lesson_t1_v2,tôm,shrimp,
lesson_t1_v3,phần,portion / order,
lesson_t1_v4,bia,beer,
lesson_t1_v5,chai,bottle,
lesson_t1_v6,quán,restaurant / shop,
lesson_t1_v7,món,dish,
lesson_t2_d0,"Chào chị, chị muốn uống gì ạ?","Hello, what would you like to drink?",
lesson_t2_d1,Cho tôi một ly cà phê sữa đá nhé.,Give me a glass of iced milk coffee.,
lesson_t2_d2,"Dạ, chị có muốn thêm đường không ạ?","Sure, would you like extra sugar?",
lesson_t2_d3,"Không, cảm ơn. Vậy đủ rồi.","No, thank you. That's enough.",
lesson_t2_v0,uống,to drink,
lesson_t2_v1,ly,glass / cup,
lesson_t2_v2,cà phê,coffee,
lesson_t2_v3,sữa,milk,
lesson_t2_v4,đá,ice,
lesson_t2_v5,đường,sugar,
lesson_t2_v6,thêm,to add / more,
lesson_t2_v7,đủ,enough,
lesson_t3_d0,"Chị ơi, bánh mì nóng nè, chị mua không?","Hey, hot bánh mì here, would you like to buy some?",
lesson_t3_d1,"Dạ có, cho em một ổ bánh mì thịt nhé.","Yes, give me one bánh mì with meat.",
lesson_t3_d2,Em có ăn cay không?,Do you eat spicy food?,
lesson_t3_d3,"Dạ có, cho em nhiều ớt một chút.","Yes, give me a bit more chili.",
lesson_t3_v0,bánh mì,Vietnamese baguette sandwich,
lesson_t3_v1,mua,to buy,
lesson_t3_v2,ổ,loaf (classifier for bread),
lesson_t3_v3,thịt,meat,
lesson_t3_v4,cay,spicy,
lesson_t3_v5,ớt,chili,
lesson_t3_v6,nóng,hot,
lesson_t3_v7,một chút,a little / a bit,
lesson_t4_d0,"Alo, tôi muốn đặt bàn cho tối nay ạ.","Hello, I'd like to reserve a table for tonight.",
lesson_t4_d1,"Dạ được, anh muốn đặt cho mấy giờ ạ?","Sure, what time would you like to reserve for?",
lesson_t4_d2,"Cho tôi bàn lúc bảy giờ, khoảng bốn người.","A table at seven o'clock, about four people.",
lesson_t4_d3,"Dạ, em đã đặt bàn cho anh rồi ạ.","Okay, I've reserved the table for you.",
lesson_t4_v0,đặt bàn,to reserve a table,
lesson_t4_v1,tối nay,tonight,
lesson_t4_v2,giờ,hour / o'clock,
lesson_t4_v3,lúc,at (a time),
lesson_t4_v4,khoảng,about / approximately,
lesson_t4_v5,bàn,table,
lesson_t4_v6,tối,evening,
lesson_t4_v7,đã,past tense marker,
lesson_t5_d0,Anh đã biết ăn món gì chưa ạ?,Have you decided what to eat yet?,
lesson_t5_d1,"Chưa, quán mình có món gì ngon không?","Not yet, does this restaurant have anything delicious?",
lesson_t5_d2,"Dạ, phở bò ở đây rất nổi tiếng, anh nên thử.","Yes, the beef pho here is very famous, you should try it.",
lesson_t5_d3,Vậy cho tôi một tô phở bò nhé.,Then give me a bowl of beef pho.,
lesson_t5_v0,món ngon,delicious dish,
lesson_t5_v1,nổi tiếng,famous,
lesson_t5_v2,nên,should,
lesson_t5_v3,thử,to try,
lesson_t5_v4,tô,bowl,
lesson_t5_v5,phở,pho noodle soup,
lesson_t5_v6,chưa,not yet,
lesson_t5_v7,biết,to know,
lesson_t6_d0,"Chào bạn, bạn muốn ăn gì?","Hi, what do you want to eat?",
lesson_t6_d1,"Mình bị dị ứng với hải sản, bạn có món nào không có hải sản không?","I'm allergic to seafood, do you have any dish without seafood?",
lesson_t6_d2,"Dạ có, mình có món chay và món gà ạ.","Yes, we have vegetarian dishes and chicken dishes.",
lesson_t6_d3,"Vậy cho mình một phần gà nhé, cảm ơn bạn.","Then give me one order of chicken, thank you.",
lesson_t6_v0,dị ứng,allergy,
lesson_t6_v1,hải sản,seafood,
lesson_t6_v2,món chay,vegetarian dish,
lesson_t6_v3,gà,chicken,
lesson_t6_v4,ăn chay,to eat vegetarian,
lesson_t6_v5,không có,to not have / without,
lesson_t6_v6,món ăn,dish / food,
lesson_t6_v7,kiêng,to avoid (a food),
lesson_t7_d0,"Chào bạn, bạn đi đâu vậy?","Hi, where are you going?",
lesson_t7_d1,Mình đi đến chợ để mua rau.,I'm going to the market to buy vegetables.,
lesson_t7_d2,"Vậy à, mình cũng đang đi chợ nè, đi chung không?","Oh really, I'm also going to the market, want to go together?",
lesson_t7_d3,"Được, đi chung cho vui!","Sure, let's go together for fun!",
lesson_t7_v0,đi đâu,where are you going,
lesson_t7_v1,chợ,market,
lesson_t7_v2,mua,to buy,
lesson_t7_v3,rau,vegetables,
lesson_t7_v4,đi chung,to go together,
lesson_t7_v5,đến,to arrive / to go to,
lesson_t7_v6,cũng,also,
lesson_t7_v7,vui,fun / happy,
lesson_t8_d0,Bạn thích ăn món gì nhất?,What dish do you like to eat the most?,
lesson_t8_d1,"Mình thích ăn phở, còn bạn thích gì?","I like eating pho, and what do you like?",
lesson_t8_d2,Mình thích uống cà phê sữa đá lắm.,I really like drinking iced milk coffee.,
lesson_t8_d3,"Ồ, mình cũng thích cà phê nữa!","Oh, I also like coffee too!",
lesson_t8_v0,thích,to like,
lesson_t8_v1,món ăn,dish,
lesson_t8_v2,phở,pho noodle soup,
lesson_t8_v3,cà phê sữa đá,iced milk coffee,
lesson_t8_v4,nhất,most,
lesson_t8_v5,nữa,also / more,
lesson_t8_v6,lắm,very much,
lesson_t8_v7,còn,as for / and,
lesson_t9_d0,"Chào cô, cô bán trà gì ạ?","Hello ma'am, what tea do you sell?",
lesson_t9_d1,"Cô có trà đá, trà chanh với trà sữa nè con.","I have iced tea, lemon tea, and milk tea, dear.",
lesson_t9_d2,"Cho con một ly trà chanh, bao nhiêu tiền vậy cô?","Give me one cup of lemon tea, how much is it?",
lesson_t9_d3,Mười lăm ngàn con nhé.,"Fifteen thousand dong, dear.",
lesson_t9_v0,trà,tea,
lesson_t9_v1,trà đá,iced tea,
lesson_t9_v2,trà chanh,lemon tea,
lesson_t9_v3,trà sữa,milk tea,
lesson_t9_v4,ly,cup / glass,
lesson_t9_v5,bao nhiêu tiền,how much money,
lesson_t9_v6,ngàn,thousand,
lesson_t9_v7,bán,to sell,
lesson_t10_d0,"Xin chào, tôi tên là Minh. Còn bạn tên gì?","Hello, my name is Minh. And what's your name?",
lesson_t10_d1,"Chào Minh, tôi tên là Lan. Rất vui được gặp bạn.","Hi Minh, my name is Lan. Very nice to meet you.",
lesson_t10_d2,Bạn đến từ đâu vậy?,Where are you from?,
lesson_t10_d3,"Tôi đến từ Hà Nội, còn bạn?","I'm from Hanoi, and you?",
lesson_t10_v0,tên,name,
lesson_t10_v1,rất vui được gặp bạn,nice to meet you,
lesson_t10_v2,đến từ,to come from,
lesson_t10_v3,quê,hometown,
lesson_t10_v4,giới thiệu,to introduce,
lesson_t10_v5,là,to be,
lesson_t10_v6,bạn,you / friend,
lesson_t10_v7,xin chào,hello (polite),
lesson_t11_d0,"Em ơi, cho anh tính tiền nha.","Excuse me, can I get the bill please.",
lesson_t11_d1,"Dạ được ạ, anh chờ em một chút.","Sure, please wait a moment.",
lesson_t11_d2,Tổng cộng bao nhiêu tiền vậy em?,How much is the total?,
lesson_t11_d3,"Dạ, tổng cộng là ba trăm nghìn đồng ạ.",The total is three hundred thousand dong.,
lesson_t11_v0,tính tiền,to calculate the bill / check please,
lesson_t11_v1,tổng cộng,total / altogether,
lesson_t11_v2,tiền,money,
lesson_t11_v3,chờ,to wait,
lesson_t11_v4,một chút,a moment / a little,
lesson_t11_v5,đồng,dong (Vietnamese currency),
lesson_t11_v6,bao nhiêu,how much / how many,
lesson_t11_v7,trăm nghìn,hundred thousand,
lesson_t12_d0,"Chào bạn, bạn tên là gì?","Hello, what is your name?",
lesson_t12_d1,Mình tên là Lan. Còn bạn?,My name is Lan. And you?,
lesson_t12_d2,Mình là Minh. Mình là người Mỹ.,I am Minh. I am American.,
lesson_t12_d3,Rất vui được gặp bạn.,Very nice to meet you.,
lesson_t12_v0,tên,name,
lesson_t12_v1,là,to be,
lesson_t12_v2,người,person,
lesson_t12_v3,còn,and / what about,
lesson_t12_v4,vui,happy / glad,
lesson_t12_v5,gặp,to meet,
lesson_t12_v6,bạn,friend / you,
lesson_t12_v7,mình,I / me (informal),
lesson_t13_d0,"Chào anh chị, mình có đặt bàn trước không ạ?","Hello, do you have a table reservation?",
lesson_t13_d1,"Dạ không, tụi em muốn ngồi bàn cho hai người.","No, we would like a table for two.",
lesson_t13_d2,"Dạ được, anh chị muốn ngồi trong nhà hay ngoài trời ạ?","Sure, would you like to sit inside or outside?",
lesson_t13_d3,"Cho tụi em ngồi ngoài trời nha, gần cửa sổ.","Let us sit outside, near the window please.",
lesson_t13_v0,đặt bàn,to reserve a table,
lesson_t13_v1,ngồi,to sit,
lesson_t13_v2,bàn,table,
lesson_t13_v3,trong nhà,inside,
lesson_t13_v4,ngoài trời,outside / outdoors,
lesson_t13_v5,cửa sổ,window,
lesson_t13_v6,gần,near,
lesson_t13_v7,hai người,two people,
lesson_t14_d0,Tháng sau bạn có đi du lịch không?,Are you traveling next month?,
lesson_t14_d1,"Có, mình sẽ đi Đà Nẵng với gia đình.","Yes, I will go to Da Nang with my family.",
lesson_t14_d2,Bạn sẽ đi mấy ngày?,How many days will you go for?,
lesson_t14_d3,Mình sẽ đi khoảng năm ngày.,I will go for about five days.,
lesson_t14_v0,du lịch,to travel / travel,
lesson_t14_v1,tháng sau,next month,
lesson_t14_v2,gia đình,family,
lesson_t14_v3,sẽ,will (future marker),
lesson_t14_v4,ngày,day,
lesson_t14_v5,khoảng,about / approximately,
lesson_t14_v6,đi,to go,
lesson_t14_v7,chuyến đi,trip,
lesson_t15_d0,Cuối tuần này bạn định làm gì?,What are you planning to do this weekend?,
lesson_t15_d1,Mình định đi xem phim với bạn bè.,I'm planning to go watch a movie with friends.,
lesson_t15_d2,"Nghe hay đó, mấy giờ bạn đi?","Sounds fun, what time are you going?",
lesson_t15_d3,"Khoảng bảy giờ tối, bạn muốn đi cùng không?","Around seven in the evening, do you want to come along?",
lesson_t15_v0,cuối tuần,weekend,
lesson_t15_v1,định,to plan / intend to,
lesson_t15_v2,xem phim,to watch a movie,
lesson_t15_v3,bạn bè,friends,
lesson_t15_v4,mấy giờ,what time,
lesson_t15_v5,tối,evening / night,
lesson_t15_v6,đi cùng,to go along / go together,
lesson_t15_v7,hay,interesting / fun,
lesson_t16_d0,"Xin lỗi, cho tôi hỏi đường đến chợ Bến Thành đi thế nào ạ?","Excuse me, could you tell me how to get to Ben Thanh Market?",
lesson_t16_d1,"Dạ, anh đi thẳng đường này, đến ngã tư thì rẽ trái.","Sure, go straight down this street, and turn left at the intersection.",
lesson_t16_d2,Rẽ trái rồi đi bao xa nữa ạ?,"After turning left, how much farther do I go?",
lesson_t16_d3,Đi khoảng năm trăm mét là tới nơi.,Go about five hundred meters and you'll arrive.,
lesson_t16_v0,đường,street / way,
lesson_t16_v1,đi thẳng,go straight,
lesson_t16_v2,rẽ trái,turn left,
lesson_t16_v3,rẽ phải,turn right,
lesson_t16_v4,ngã tư,intersection,
lesson_t16_v5,xa,far,
lesson_t16_v6,gần,near,
lesson_t16_v7,xin lỗi,excuse me / sorry,
lesson_t17_d0,Tại sao bạn học tiếng Việt vậy?,Why are you learning Vietnamese?,
lesson_t17_d1,Vì mình muốn nói chuyện với bạn bè người Việt.,Because I want to talk with Vietnamese friends.,
lesson_t17_d2,Còn mình thì học vì mình thích văn hóa Việt Nam.,"As for me, I'm learning because I like Vietnamese culture.",
lesson_t17_d3,Học tiếng Việt khó nhưng rất thú vị.,Learning Vietnamese is hard but very interesting.,
lesson_t17_v0,tại sao,why,
lesson_t17_v1,học,to learn / study,
lesson_t17_v2,tiếng Việt,Vietnamese language,
lesson_t17_v3,vì,because,
lesson_t17_v4,văn hóa,culture,
lesson_t17_v5,khó,difficult,
lesson_t17_v6,thú vị,interesting,
lesson_t17_v7,nói chuyện,to talk / converse,
lesson_t18_d0,Bạn thích ăn món gì nhất?,What dish do you like to eat the most?,
lesson_t18_d1,Mình thích ăn phở nhất. Còn bạn?,I like pho the most. What about you?,
lesson_t18_d2,Mình thích bún chả và gỏi cuốn.,I like bun cha and spring rolls.,
lesson_t18_d3,"Nghe ngon quá, mai đi ăn chung nhé!","That sounds delicious, let's go eat together tomorrow!",
lesson_t18_v0,món ăn,dish / food,
lesson_t18_v1,phở,pho (noodle soup),
lesson_t18_v2,bún chả,bun cha (grilled pork with noodles),
lesson_t18_v3,gỏi cuốn,fresh spring rolls,
lesson_t18_v4,ngon,delicious,
lesson_t18_v5,thích,to like,
lesson_t18_v6,nhất,most,
lesson_t18_v7,ăn chung,to eat together,
lesson_t19_d0,Gia đình bạn có mấy người?,How many people are in your family?,
lesson_t19_d1,"Gia đình mình có bốn người: bố mẹ, mình và em gái.","My family has four people: mom, dad, me, and my younger sister.",
lesson_t19_d2,Bạn có anh chị em nào khác không?,Do you have any other siblings?,
lesson_t19_d3,"Không, mình chỉ có một em gái thôi.","No, I only have one younger sister.",
lesson_t19_v0,gia đình,family,
lesson_t19_v1,bố,father / dad,
lesson_t19_v2,mẹ,mother / mom,
lesson_t19_v3,anh chị em,siblings,
lesson_t19_v4,em gái,younger sister,
lesson_t19_v5,anh trai,older brother,
lesson_t19_v6,có,to have,
lesson_t19_v7,mấy người,how many people,
lesson_t20_d0,"Chào chị, chị muốn uống gì ạ?","Hello, what would you like to drink?",
lesson_t20_d1,Cho tôi một ly cà phê sữa đá.,Give me an iced milk coffee.,
lesson_t20_d2,"Dạ, chị có muốn ăn thêm bánh ngọt không?",Would you also like to eat a pastry?,
lesson_t20_d3,"Có, cho tôi một cái bánh croissant nữa nhé.","Yes, give me a croissant too.",
lesson_t20_v0,cà phê sữa đá,iced milk coffee,
lesson_t20_v1,ly,cup / glass,
lesson_t20_v2,bánh ngọt,pastry,
lesson_t20_v3,gọi món,to order (food),
lesson_t20_v4,thực đơn,menu,
lesson_t20_v5,nóng,hot,
lesson_t20_v6,đá,ice,
lesson_t20_v7,thêm,more / additional,
lesson_t21_d0,Cuối tuần bạn thường làm gì?,What do you usually do on weekends?,
lesson_t21_d1,Mình thích đọc sách và nghe nhạc. Còn bạn?,I like reading books and listening to music. And you?,
lesson_t21_d2,"Mình thích chơi thể thao, nhất là đá bóng.","I like playing sports, especially soccer.",
lesson_t21_d3,Nghe hay đó! Khi nào rảnh mình đi chơi cùng nhé.,That sounds fun! Let's hang out together sometime when we're free.,
lesson_t21_v0,cuối tuần,weekend,
lesson_t21_v1,rảnh,free (time),
lesson_t21_v2,thích,to like,
lesson_t21_v3,đọc sách,to read books,
lesson_t21_v4,nghe nhạc,to listen to music,
lesson_t21_v5,chơi thể thao,to play sports,
lesson_t21_v6,đá bóng,soccer / football,
lesson_t21_v7,sở thích,hobby,
lesson_t22_d0,Hôm nay thời tiết thế nào?,How is the weather today?,
lesson_t22_d1,Trời nắng nhưng hơi nóng. Chiều nay có thể mưa.,It's sunny but a bit hot. It might rain this afternoon.,
lesson_t22_d2,Mùa này ở đây mưa nhiều lắm phải không?,"It rains a lot here this season, doesn't it?",
lesson_t22_d3,"Đúng rồi, mùa mưa thường kéo dài đến tháng mười.","That's right, the rainy season usually lasts until October.",
lesson_t22_v0,thời tiết,weather,
lesson_t22_v1,trời nắng,sunny,
lesson_t22_v2,nóng,hot,
lesson_t22_v3,mưa,rain,
lesson_t22_v4,mùa,season,
lesson_t22_v5,lạnh,cold,
lesson_t22_v6,gió,wind,
lesson_t22_v7,mùa mưa,rainy season,
lesson_t23_d0,"Xin lỗi, bạn có thể giúp mình một chút được không?","Excuse me, could you help me for a moment?",
lesson_t23_d1,"Được chứ, bạn cần gì?","Sure, what do you need?",
lesson_t23_d2,"Mình bị lạc đường, bạn biết bưu điện ở đâu không?","I'm lost, do you know where the post office is?",
lesson_t23_d3,"Biết chứ, đi thẳng rồi rẽ trái là tới.","Sure, go straight then turn left and you'll get there.",
lesson_t23_v0,xin lỗi,excuse me / sorry,
lesson_t23_v1,giúp,to help,
lesson_t23_v2,một chút,a little / a moment,
lesson_t23_v3,cần,to need,
lesson_t23_v4,bị lạc đường,to be lost,
lesson_t23_v5,bưu điện,post office,
lesson_t23_v6,đi thẳng,go straight,
lesson_t23_v7,rẽ trái,turn left,
lesson_t24_d0,"Chị ơi, cái áo này có size lớn hơn không?","Excuse me, does this shirt come in a bigger size?",
lesson_t24_d1,"Dạ có, anh muốn màu gì ạ?","Yes, what color would you like?",
lesson_t24_d2,"Cho mình màu xanh, mình cũng muốn thử luôn.","Give me the blue one, I'd also like to try it on.",
lesson_t24_d3,"Dạ được, phòng thử đồ ở phía sau ạ.","Sure, the fitting room is in the back.",
lesson_t24_v0,áo,shirt / top,
lesson_t24_v1,size,size,
lesson_t24_v2,lớn hơn,bigger,
lesson_t24_v3,màu,color,
lesson_t24_v4,xanh,blue / green,
lesson_t24_v5,thử,to try on,
lesson_t24_v6,phòng thử đồ,fitting room,
lesson_t24_v7,quần,pants,
lesson_t25_d0,"Alo, mình muốn đặt lịch hẹn khám bệnh vào thứ Sáu được không?","Hello, I'd like to schedule a doctor's appointment for Friday, is that possible?",
lesson_t25_d1,"Dạ được, anh muốn hẹn lúc mấy giờ ạ?","Yes, what time would you like the appointment?",
lesson_t25_d2,Khoảng chín giờ sáng được không?,Would around 9am work?,
lesson_t25_d3,"Dạ được, hẹn gặp anh vào chín giờ sáng thứ Sáu nhé.","Sure, see you at 9am on Friday.",
lesson_t25_v0,đặt lịch hẹn,to make an appointment,
lesson_t25_v1,khám bệnh,medical checkup,
lesson_t25_v2,thứ Sáu,Friday,
lesson_t25_v3,lúc mấy giờ,at what time,
lesson_t25_v4,giờ,hour / o'clock,
lesson_t25_v5,sáng,morning,
lesson_t25_v6,hẹn gặp,to meet up / appointment,
lesson_t25_v7,lịch,schedule,
lesson_t26_d0,Nhà bạn ở đâu vậy?,Where is your house?,
lesson_t26_d1,Nhà mình ở gần trung tâm thành phố.,My house is near the city center.,
lesson_t26_d2,Nhà bạn có mấy phòng ngủ?,How many bedrooms does your house have?,
lesson_t26_d3,Nhà mình có ba phòng ngủ và một phòng khách rộng.,My house has three bedrooms and a spacious living room.,
lesson_t26_v0,nhà,house / home,
lesson_t26_v1,phòng ngủ,bedroom,
lesson_t26_v2,phòng khách,living room,
lesson_t26_v3,gần,near,
lesson_t26_v4,trung tâm thành phố,city center,
lesson_t26_v5,rộng,spacious,
lesson_t26_v6,ở,to live / be located,
lesson_t26_v7,mấy,how many (small number),
lesson_t27_d0,Bạn làm nghề gì vậy?,What do you do for work?,
lesson_t27_d1,"Mình là kỹ sư, làm việc ở một công ty phần mềm.","I'm an engineer, I work at a software company.",
lesson_t27_d2,Công việc của bạn có bận không?,Is your job busy?,
lesson_t27_d3,"Bận lắm, mình thường làm việc đến bảy giờ tối.","Very busy, I usually work until seven in the evening.",
lesson_t27_v0,nghề,job / profession,
lesson_t27_v1,kỹ sư,engineer,
lesson_t27_v2,công ty,company,
lesson_t27_v3,phần mềm,software,
lesson_t27_v4,công việc,work / job,
lesson_t27_v5,bận,busy,
lesson_t27_v6,làm việc,to work,
lesson_t27_v7,đồng nghiệp,colleague,
lesson_t28_d0,"Xin lỗi, xe buýt số mười đi đâu vậy?","Excuse me, where does bus number ten go?",
lesson_t28_d1,Xe này đi đến trung tâm thành phố.,This bus goes to the city center.,
lesson_t28_d2,Vé xe buýt giá bao nhiêu vậy?,How much is a bus ticket?,
lesson_t28_d3,"Dạ, bảy ngàn đồng một vé thôi ạ.",It's just seven thousand dong per ticket.,
lesson_t28_v0,xe buýt,bus,
lesson_t28_v1,vé,ticket,
lesson_t28_v2,trạm xe buýt,bus stop,
lesson_t28_v3,ga tàu,train station,
lesson_t28_v4,giá,price,
lesson_t28_v5,xuống xe,to get off (a vehicle),
lesson_t28_v6,lên xe,to get on (a vehicle),
lesson_t28_v7,số,number,
lesson_t29_d0,"Chào bác sĩ, tôi bị đau đầu và ho mấy ngày nay.","Hello doctor, I've had a headache and cough for a few days.",
lesson_t29_d1,Chị có bị sốt không?,Do you have a fever?,
lesson_t29_d2,"Dạ có, tôi bị sốt nhẹ từ hôm qua.","Yes, I've had a mild fever since yesterday.",
lesson_t29_d3,"Chị nên uống nhiều nước và nghỉ ngơi, tôi sẽ kê thuốc cho chị.","You should drink lots of water and rest, I'll prescribe you some medicine.",
lesson_t29_v0,bác sĩ,doctor,
lesson_t29_v1,đau đầu,headache,
lesson_t29_v2,ho,cough,
lesson_t29_v3,sốt,fever,
lesson_t29_v4,thuốc,medicine,
lesson_t29_v5,nghỉ ngơi,to rest,
lesson_t29_v6,khám bệnh,to see a doctor / examine,
lesson_t29_v7,triệu chứng,symptom,
lesson_t30_d0,"Bạn có vẻ buồn quá, có chuyện gì vậy?","You seem really sad, what's going on?",
lesson_t30_d1,Mình vừa mất việc làm tuần trước.,I just lost my job last week.,
lesson_t30_d2,"Ồ, mình rất tiếc khi nghe vậy. Bạn ổn không?","Oh, I'm really sorry to hear that. Are you okay?",
lesson_t30_d3,"Cảm ơn bạn đã quan tâm, mình sẽ ổn thôi.","Thanks for caring, I'll be okay.",
lesson_t30_v0,buồn,sad,
lesson_t30_v1,tiếc,regret / sorry to hear,
lesson_t30_v2,quan tâm,to care / be concerned,
lesson_t30_v3,mất việc,to lose a job,
lesson_t30_v4,an ủi,to comfort,
lesson_t30_v5,giúp đỡ,to help,
lesson_t30_v6,ổn,okay / fine,
lesson_t30_v7,chuyện,matter / issue,
lesson_t31_d0,"Chào chị, em muốn hỏi thuê phòng còn trống không ạ?","Hello, I'd like to ask if you have a room available to rent.",
lesson_t31_d1,"Dạ còn, em muốn thuê phòng một người hay hai người?","Yes, we do. Do you want a room for one person or two people?",
lesson_t31_d2,"Dạ một người thôi, giá bao nhiêu một tháng ạ?",Just one person. How much is it per month?,
lesson_t31_d3,"Năm triệu một tháng, đã có nước và điện rồi ạ.","Five million per month, water and electricity are already included.",
lesson_t31_v0,thuê,to rent,
lesson_t31_v1,phòng,room,
lesson_t31_v2,còn trống,available / vacant,
lesson_t31_v3,giá,price,
lesson_t31_v4,tháng,month,
lesson_t31_v5,nước,water,
lesson_t31_v6,điện,electricity,
lesson_t31_v7,đặt phòng,to book a room,
lesson_t32_d0,"Chào chị, em muốn gửi bưu kiện này đi Hà Nội ạ.","Hello, I'd like to send this package to Hanoi.",
lesson_t32_d1,"Dạ, chị muốn gửi nhanh hay gửi thường?",Would you like express or regular shipping?,
lesson_t32_d2,"Cho em gửi nhanh, mất mấy ngày ạ?","Express shipping please, how many days will it take?",
lesson_t32_d3,"Dạ khoảng hai ngày, tổng cộng năm mươi nghìn đồng ạ.","About two days, the total is fifty thousand dong.",
lesson_t32_v0,gửi,to send,
lesson_t32_v1,bưu kiện,package / parcel,
lesson_t32_v2,thư,letter,
lesson_t32_v3,tem,stamp,
lesson_t32_v4,nhanh,fast / express,
lesson_t32_v5,thường,regular / normal,
lesson_t32_v6,địa chỉ,address,
lesson_t32_v7,tổng cộng,in total,
lesson_t33_d0,"Chào anh, em muốn mở tài khoản ngân hàng ạ.","Hello, I'd like to open a bank account.",
lesson_t33_d1,"Dạ được, anh chị cho em xem chứng minh thư nhé.","Sure, could you show me your ID please.",
lesson_t33_d2,"Dạ đây, em cũng muốn gửi tiền vào tài khoản luôn.",Here you go. I'd also like to deposit money into the account right away.,
lesson_t33_d3,"Dạ, anh muốn gửi bao nhiêu tiền ạ?","Sure, how much money would you like to deposit?",
lesson_t33_v0,ngân hàng,bank,
lesson_t33_v1,tài khoản,account,
lesson_t33_v2,mở tài khoản,to open an account,
lesson_t33_v3,gửi tiền,to deposit money,
lesson_t33_v4,rút tiền,to withdraw money,
lesson_t33_v5,chứng minh thư,ID card,
lesson_t33_v6,tiền mặt,cash,
lesson_t33_v7,chuyển khoản,to transfer money,
lesson_t34_d0,"Chào anh, hôm nay anh muốn cắt tóc kiểu gì ạ?","Hello, what style would you like your hair cut today?",
lesson_t34_d1,"Cắt ngắn giúp em, hai bên với sau gáy nhé.","Cut it short please, the sides and the back of the neck.",
lesson_t34_d2,"Dạ, anh có muốn gội đầu trước không?","Sure, would you like to wash your hair first?",
lesson_t34_d3,"Dạ có, cảm ơn chị nhiều.","Yes please, thank you very much.",
lesson_t34_v0,cắt tóc,to cut hair / haircut,
lesson_t34_v1,tóc,hair,
lesson_t34_v2,ngắn,short,
lesson_t34_v3,dài,long,
lesson_t34_v4,gội đầu,to wash hair,
lesson_t34_v5,hai bên,the two sides,
lesson_t34_v6,sau gáy,back of the neck,
lesson_t34_v7,tiệm cắt tóc,hair salon,
lesson_t35_d0,"Cho em hỏi, sữa tươi ở khu nào ạ?","Excuse me, which aisle is the fresh milk in?",
lesson_t35_d1,"Dạ, sữa tươi ở khu bên kia, gần quầy rau.","The fresh milk is over there, near the vegetable section.",
lesson_t35_d2,"Cảm ơn chị, cho em thanh toán luôn nhé.","Thank you, I'd like to check out now please.",
lesson_t35_d3,"Dạ, tất cả là một trăm hai mươi nghìn đồng ạ.","Sure, that's a total of one hundred twenty thousand dong.",
lesson_t35_v0,siêu thị,supermarket,
lesson_t35_v1,sữa tươi,fresh milk,
lesson_t35_v2,khu,section / area,
lesson_t35_v3,quầy,counter / stall,
lesson_t35_v4,rau,vegetables,
lesson_t35_v5,thanh toán,to pay / check out,
lesson_t35_v6,giỏ hàng,shopping basket,
lesson_t35_v7,tiền lẻ,change (small money),
lesson_t36_d0,"Chị ơi, rau muống này bao nhiêu một bó?","Ma'am, how much is this water spinach per bunch?",
lesson_t36_d1,"Mười lăm nghìn một bó em ơi, rau mới hái sáng nay đó.","Fifteen thousand a bunch, it was just picked this morning.",
lesson_t36_d2,"Dạ, cho em hai bó với một ký cà chua nha.","Okay, give me two bunches and one kilo of tomatoes please.",
lesson_t36_d3,"Được rồi, tất cả là năm mươi nghìn, em gửi tiền giúp chị nhé.","Alright, that's fifty thousand total, please hand me the money.",
lesson_t36_v0,rau muống,water spinach,
lesson_t36_v1,bó,bunch (classifier),
lesson_t36_v2,cà chua,tomato,
lesson_t36_v3,ký,kilogram,
lesson_t36_v4,tươi,fresh,
lesson_t36_v5,chợ,market,
lesson_t36_v6,người bán,vendor / seller,
lesson_t36_v7,trả giá,to bargain / haggle,
lesson_t37_d0,"Chào chị, em muốn đổi cái áo này vì nó bị rách.","Hello, I'd like to exchange this shirt because it's torn.",
lesson_t37_d1,"Dạ, anh có giữ hóa đơn không ạ?",Do you still have the receipt?,
lesson_t37_d2,"Dạ có, đây ạ. Em mua hôm qua.","Yes, here it is. I bought it yesterday.",
lesson_t37_d3,"Được rồi ạ, để em đổi cho anh cái mới ngay.","Alright, let me exchange it for a new one right away.",
lesson_t37_v0,đổi,to exchange,
lesson_t37_v1,trả lại,to return,
lesson_t37_v2,hóa đơn,receipt,
lesson_t37_v3,bị rách,to be torn,
lesson_t37_v4,lỗi,defect / fault,
lesson_t37_v5,hoàn tiền,to refund,
lesson_t37_v6,bảo hành,warranty,
lesson_t37_v7,mua,to buy,
lesson_t38_d0,"Chào chị, dạo này chị khỏe không?","Hi, how have you been lately?",
lesson_t38_d1,"Khỏe, cảm ơn em. Còn em, đi làm về sớm vậy?","I'm well, thanks. And you, home from work early?",
lesson_t38_d2,"Dạ, hôm nay công ty cho về sớm. Chị đang nấu gì mà thơm quá vậy?","Yeah, work let us go home early today. What are you cooking, it smells so good?",
lesson_t38_d3,"Chị đang nấu canh chua, lát nữa qua ăn cùng cho vui nhé.","I'm making sour soup, come over and eat with us later, it'll be fun.",
lesson_t38_v0,dạo này,lately / these days,
lesson_t38_v1,khỏe,healthy / well,
lesson_t38_v2,hàng xóm,neighbor,
lesson_t38_v3,nấu ăn,to cook,
lesson_t38_v4,thơm,fragrant,
lesson_t38_v5,canh chua,sour soup,
lesson_t38_v6,đi làm về,to come home from work,
lesson_t38_v7,lát nữa,in a little while,
lesson_t39_d0,"Chào bạn, mình là Lan, bạn là bạn của ai vậy?","Hi, I'm Lan, who's friend are you here with?",
lesson_t39_d1,"Mình là Minh, bạn cùng lớp với Hùng. Ở đây vui quá ha.","I'm Minh, Hung's classmate. It's so fun here, huh.",
lesson_t39_d2,"Ừ, đồ ăn cũng ngon nữa. Bạn muốn uống gì không?","Yeah, and the food is delicious too. Do you want something to drink?",
lesson_t39_d3,"Cho mình một ly nước cam, cảm ơn bạn nha.","Give me a glass of orange juice, thanks.",
lesson_t39_v0,tiệc,party,
lesson_t39_v1,bạn cùng lớp,classmate,
lesson_t39_v2,làm quen,to get acquainted,
lesson_t39_v3,vui,fun / happy,
lesson_t39_v4,đồ ăn,food,
lesson_t39_v5,ly,glass / cup (classifier),
lesson_t39_v6,nước cam,orange juice,
lesson_t39_v7,khách,guest,
lesson_t40_d0,Áo dài của chị đẹp quá!,Your áo dài is so beautiful!,
lesson_t40_d1,"Cảm ơn em, chị mới mua tuần trước đó.","Thank you, I just bought it last week.",
lesson_t40_d2,Màu này hợp với chị lắm luôn.,This color really suits you.,
lesson_t40_d3,"Em quá khen rồi, cảm ơn em nhiều nha.","You're too kind, thank you so much.",
lesson_t40_v0,đẹp,beautiful / nice,
lesson_t40_v1,khen,to compliment / praise,
lesson_t40_v2,hợp,to suit / match,
lesson_t40_v3,màu,color,
lesson_t40_v4,áo dài,traditional Vietnamese dress,
lesson_t40_v5,giỏi,skilled / good at,
lesson_t40_v6,dễ thương,cute / lovely,
lesson_t40_v7,quá khen,to over-praise / be too kind,
lesson_t41_d0,"Xin lỗi, mình đến trễ quá.","Sorry, I'm really late.",
lesson_t41_d1,"Không sao đâu, mình mới tới thôi.","It's totally fine, I just got here myself.",
lesson_t41_d2,Mình xin lỗi vì đã làm bạn phải chờ lâu.,I'm sorry for making you wait so long.,
lesson_t41_d3,"Đừng lo, lần sau nhớ đi sớm hơn nhé.","Don't worry, just remember to leave earlier next time.",
lesson_t41_v0,xin lỗi,sorry / to apologize,
lesson_t41_v1,trễ,late,
lesson_t41_v2,không sao,it's okay,
lesson_t41_v3,chờ,to wait,
lesson_t41_v4,lần sau,next time,
lesson_t41_v5,sớm,early,
lesson_t41_v6,lỗi,mistake / fault,
lesson_t41_v7,làm phiền,to bother / trouble,
lesson_t42_d0,Cuối tuần này bạn có rảnh không?,Are you free this weekend?,
lesson_t42_d1,"Có, mình rảnh. Có chuyện gì vậy?","Yes, I'm free. What's up?",
lesson_t42_d2,Mình muốn mời bạn đi xem phim với mình.,I want to invite you to watch a movie with me.,
lesson_t42_d3,Nghe hay đó! Mấy giờ mình gặp nhau?,That sounds great! What time should we meet?,
lesson_t42_v0,rảnh,free / available,
lesson_t42_v1,mời,to invite,
lesson_t42_v2,xem phim,to watch a movie,
lesson_t42_v3,cuối tuần,weekend,
lesson_t42_v4,gặp nhau,to meet each other,
lesson_t42_v5,đi chơi,to go out / hang out,
lesson_t42_v6,tham gia,to join / participate,
lesson_t42_v7,hẹn,to make an appointment / date,
lesson_t43_d0,Bạn đang viết gì vậy?,What are you writing?,
lesson_t43_d1,Mình đang viết bưu thiếp gửi cho gia đình ở Việt Nam.,I'm writing a postcard to send to my family in Vietnam.,
lesson_t43_d2,Bạn viết gì trong đó?,What did you write in it?,
lesson_t43_d3,"Mình viết ""Con nhớ mọi người nhiều lắm, mong sớm được về thăm nhà.""","I wrote, ""I miss everyone so much, I hope to come home and visit soon.""",
lesson_t43_v0,bưu thiếp,postcard,
lesson_t43_v1,viết,to write,
lesson_t43_v2,gửi,to send,
lesson_t43_v3,nhớ,to miss,
lesson_t43_v4,gia đình,family,
lesson_t43_v5,thăm,to visit,
lesson_t43_v6,tem,stamp,
lesson_t43_v7,địa chỉ,address,
lesson_t44_d0,Dạo này bạn có xem phim gì hay không?,Have you watched any good movies lately?,
lesson_t44_d1,"Có, mình mới xem một bộ phim Hàn rất cảm động.","Yes, I just watched a really touching Korean movie.",
lesson_t44_d2,Phim đó tên gì vậy?,What's that movie called?,
lesson_t44_d3,"Mình quên tên rồi, nhưng diễn viên đóng rất hay.","I forgot the name, but the actors performed really well.",
lesson_t44_v0,phim,movie / film,
lesson_t44_v1,xem,to watch,
lesson_t44_v2,bộ phim,a movie (with classifier),
lesson_t44_v3,diễn viên,actor / actress,
lesson_t44_v4,cảm động,touching / moving,
lesson_t44_v5,hài hước,funny / humorous,
lesson_t44_v6,tập phim,episode,
lesson_t44_v7,chương trình,program / show,
lesson_t45_d0,Bạn đang đọc cuốn sách gì vậy?,What book are you reading?,
lesson_t45_d1,Mình đang đọc một cuốn tiểu thuyết rất thú vị.,I'm reading a really interesting novel.,
lesson_t45_d2,Sách đó nói về chuyện gì?,What's that book about?,
lesson_t45_d3,Nó kể về cuộc sống của một cô gái trẻ ở Hà Nội.,It's about the life of a young woman in Hanoi.,
lesson_t45_v0,sách,book,
lesson_t45_v1,đọc,to read,
lesson_t45_v2,cuốn,classifier for books,
lesson_t45_v3,tiểu thuyết,novel,
lesson_t45_v4,thú vị,interesting,
lesson_t45_v5,tác giả,author,
lesson_t45_v6,truyện,story,
lesson_t45_v7,bài báo,article,
lesson_t46_d0,"Chào bạn, tối nay bạn có muốn đi tập gym không?","Hey, do you want to go to the gym tonight?",
lesson_t46_d1,"Có chứ! Mình muốn tập chạy bộ trước, rồi tập tạ.","Of course! I want to jog first, then lift weights.",
lesson_t46_d2,Bạn thích chơi thể thao gì nhất?,What sport do you like to play the most?,
lesson_t46_d3,"Mình thích đá bóng, nhưng dạo này mình tập yoga nhiều hơn.","I like soccer, but lately I've been doing more yoga.",
lesson_t46_v0,tập gym,to work out at the gym,
lesson_t46_v1,chạy bộ,to jog / run,
lesson_t46_v2,tập tạ,to lift weights,
lesson_t46_v3,thể thao,sports,
lesson_t46_v4,đá bóng,to play soccer,
lesson_t46_v5,yoga,yoga,
lesson_t46_v6,khỏe,healthy / strong,
lesson_t46_v7,tập thể dục,to exercise,
lesson_t47_d0,Ước mơ của bạn trong tương lai là gì?,What is your dream for the future?,
lesson_t47_d1,Mình muốn trở thành một bác sĩ giỏi.,I want to become a good doctor.,
lesson_t47_d2,Bạn sẽ làm gì để đạt được ước mơ đó?,What will you do to achieve that dream?,
lesson_t47_d3,Mình sẽ học chăm chỉ và không bao giờ bỏ cuộc.,I will study hard and never give up.,
lesson_t47_v0,ước mơ,dream,
lesson_t47_v1,tương lai,future,
lesson_t47_v2,trở thành,to become,
lesson_t47_v3,bác sĩ,doctor,
lesson_t47_v4,đạt được,to achieve,
lesson_t47_v5,mục tiêu,goal,
lesson_t47_v6,chăm chỉ,hardworking / diligent,
lesson_t47_v7,bỏ cuộc,to give up,
lesson_t48_d0,Hôm nay của bạn thế nào?,How was your day today?,
lesson_t48_d1,"Hôm nay mình khá bận, nhưng mình cảm thấy vui vì hoàn thành được nhiều việc.","Today I was quite busy, but I feel happy because I finished a lot of things.",
lesson_t48_d2,Bạn đã làm những gì vậy?,What did you do exactly?,
lesson_t48_d3,"Mình đi làm, tập thể dục, rồi viết nhật ký trước khi đi ngủ.","I went to work, exercised, then wrote in my journal before going to sleep.",
lesson_t48_v0,hôm nay,today,
lesson_t48_v1,bận,busy,
lesson_t48_v2,cảm thấy,to feel,
lesson_t48_v3,hoàn thành,to complete / finish,
lesson_t48_v4,nhật ký,diary / journal,
lesson_t48_v5,viết,to write,
lesson_t48_v6,vui,happy,
lesson_t48_v7,mệt,tired,
lesson_t49_d0,Bạn đang viết thư cho gia đình à?,Are you writing a letter to your family?,
lesson_t49_d1,"Ừ, mình muốn báo tin mình vừa tìm được việc làm mới.","Yeah, I want to share the news that I just found a new job.",
lesson_t49_d2,Vậy bạn nên hỏi thăm sức khỏe của bố mẹ nữa.,Then you should also ask about your parents' health.,
lesson_t49_d3,"Đúng rồi, mình sẽ hỏi thăm và gửi lời chúc sức khỏe cho cả nhà.","Right, I'll ask about them and send health wishes to the whole family.",
lesson_t49_v0,viết thư,to write a letter,
lesson_t49_v1,gia đình,family,
lesson_t49_v2,báo tin,to give news,
lesson_t49_v3,việc làm,job,
lesson_t49_v4,hỏi thăm,to ask after / check on,
lesson_t49_v5,sức khỏe,health,
lesson_t49_v6,bố mẹ,parents,
lesson_t49_v7,gửi lời chúc,to send wishes,
lesson_t50_d0,Nghe nói bạn vừa đạt được một thành tích lớn phải không?,"I heard you just achieved a big accomplishment, right?",
lesson_t50_d1,"Đúng vậy, mình vừa hoàn thành cuộc thi marathon đầu tiên của mình.","That's right, I just finished my first marathon race.",
lesson_t50_d2,Chúc mừng bạn! Bạn cảm thấy thế nào?,Congratulations! How do you feel?,
lesson_t50_d3,Mình rất tự hào vì đã cố gắng hết mình.,I'm very proud because I gave it my all.,
lesson_t50_v0,thành tích,achievement,
lesson_t50_v1,đạt được,to achieve / attain,
lesson_t50_v2,cuộc thi,competition / race,
lesson_t50_v3,hoàn thành,to complete,
lesson_t50_v4,tự hào,proud,
lesson_t50_v5,cố gắng,to try hard,
lesson_t50_v6,chúc mừng,congratulations,
lesson_t50_v7,thành công,success,
lesson_t51_d0,"Ở Việt Nam, khi vào nhà người khác mình phải làm gì trước?","In Vietnam, what do you have to do first when entering someone else's house?",
lesson_t51_d1,Mình phải cởi giày trước khi vào nhà.,You have to take off your shoes before entering the house.,
lesson_t51_d2,Còn khi ăn cơm với người lớn tuổi thì sao?,What about when eating with older people?,
lesson_t51_d3,Mình nên mời người lớn tuổi ăn cơm trước để tỏ sự tôn trọng.,You should invite the elders to eat first to show respect.,
lesson_t51_v0,phong tục,custom,
lesson_t51_v1,cởi giày,to take off shoes,
lesson_t51_v2,người lớn tuổi,elderly person,
lesson_t51_v3,tôn trọng,to respect,
lesson_t51_v4,mời,to invite,
lesson_t51_v5,trước,before,
lesson_t51_v6,văn hóa,culture,
lesson_t51_v7,lịch sự,polite,
lesson_t52_d0,Dạo này không khí ở thành phố ô nhiễm quá.,The air in the city has been so polluted lately.,
lesson_t52_d1,"Ừ, mình nghĩ nên đi xe đạp thay vì đi xe máy.","Yeah, I think we should ride bikes instead of motorbikes.",
lesson_t52_d2,Bạn có phân loại rác không?,Do you sort your trash?,
lesson_t52_d3,"Có chứ, mình luôn tái chế nhựa và giấy.","Of course, I always recycle plastic and paper.",
lesson_t52_v0,ô nhiễm,pollution / polluted,
lesson_t52_v1,không khí,air,
lesson_t52_v2,môi trường,environment,
lesson_t52_v3,tái chế,to recycle,
lesson_t52_v4,rác,trash,
lesson_t52_v5,phân loại,to sort / classify,
lesson_t52_v6,nhựa,plastic,
lesson_t52_v7,xe đạp,bicycle,
lesson_t53_d0,"Xin lỗi, tôi bị mất cái ví ở đây sáng nay.","Excuse me, I lost my wallet here this morning.",
lesson_t53_d1,Anh có nhớ để nó ở đâu không?,Do you remember where you left it?,
lesson_t53_d2,Hình như tôi để quên trên bàn ăn.,I think I left it on the dining table.,
lesson_t53_d3,"Để tôi kiểm tra, có người vừa nộp lại một cái ví giống vậy.","Let me check, someone just turned in a wallet like that.",
lesson_t53_v0,mất,to lose,
lesson_t53_v1,tìm thấy,to find,
lesson_t53_v2,ví,wallet,
lesson_t53_v3,để quên,to leave behind / forget,
lesson_t53_v4,nộp lại,to turn in / hand over,
lesson_t53_v5,kiểm tra,to check,
lesson_t53_v6,đồ thất lạc,lost item,
lesson_t53_v7,giống,similar / alike,
lesson_t54_d0,Bạn nấu phở như thế nào vậy?,How do you cook phở?,
lesson_t54_d1,"Đầu tiên, mình hầm xương bò trong vài giờ để lấy nước dùng.","First, I simmer beef bones for several hours to get the broth.",
lesson_t54_d2,Sau đó thì sao?,What comes after that?,
lesson_t54_d3,"Sau đó mình cho bánh phở, thịt bò và rau thơm vào tô rồi chan nước dùng lên.","After that I put rice noodles, beef, and herbs into the bowl, then pour the broth over.",
lesson_t54_v0,nấu,to cook,
lesson_t54_v1,nước dùng,broth,
lesson_t54_v2,hầm,to simmer / stew,
lesson_t54_v3,gia vị,spices / seasoning,
lesson_t54_v4,bánh phở,rice noodles,
lesson_t54_v5,rau thơm,herbs,
lesson_t54_v6,công thức,recipe,
lesson_t54_v7,cho vào,to add / put in,
lesson_t55_d0,Hồi nhỏ bạn thích chơi gì nhất?,What did you like to play most when you were little?,
lesson_t55_d1,Mình hay trèo cây và bắt cá với mấy đứa bạn hàng xóm.,I often climbed trees and caught fish with my neighborhood friends.,
lesson_t55_d2,Nghe vui quá! Bạn có kỷ niệm nào đáng nhớ không?,Sounds fun! Do you have any memorable memory?,
lesson_t55_d3,"Có, một lần mình bị té xuống ao và ướt hết cả người, ai cũng cười.","Yes, once I fell into a pond and got completely soaked, everyone laughed.",
lesson_t55_v0,hồi nhỏ,when young / in childhood,
lesson_t55_v1,kỷ niệm,memory,
lesson_t55_v2,trèo cây,to climb a tree,
lesson_t55_v3,bạn hàng xóm,neighborhood friend,
lesson_t55_v4,té,to fall,
lesson_t55_v5,ao,pond,
lesson_t55_v6,đáng nhớ,memorable,
lesson_t55_v7,tuổi thơ,childhood,
lesson_t56_d0,"Dạ, tổng đài kỹ thuật xin nghe. Anh gặp vấn đề gì ạ?","Hello, technical support speaking. What problem are you having?",
lesson_t56_d1,Wifi nhà tôi bị mất mạng từ sáng nay rồi.,My home wifi has been down since this morning.,
lesson_t56_d2,Anh đã thử tắt rồi mở lại modem chưa ạ?,Have you tried turning the modem off and back on?,
lesson_t56_d3,"Rồi, nhưng vẫn không được. Chừng nào mới sửa xong?","Yes, but it still doesn't work. When will it be fixed?",
lesson_t56_v0,mạng,network / internet,
lesson_t56_v1,wifi,wifi,
lesson_t56_v2,modem,modem / router,
lesson_t56_v3,vấn đề,problem,
lesson_t56_v4,sửa,to fix / repair,
lesson_t56_v5,tắt,to turn off,
lesson_t56_v6,mở,to turn on,
lesson_t56_v7,tổng đài,call center / hotline,
lesson_t57_d0,"Chào chị, chị muốn nhận nuôi con vật nào ạ?","Hello, which animal would you like to adopt?",
lesson_t57_d1,Tôi thích con mèo nhỏ màu trắng kia.,I like that small white cat over there.,
lesson_t57_d2,"Con đó rất hiền, đã tiêm phòng đầy đủ rồi ạ.","That one is very gentle, and has already been fully vaccinated.",
lesson_t57_d3,Vậy tôi cần làm thủ tục gì để nhận nuôi nó?,So what procedure do I need to complete to adopt it?,
lesson_t57_v0,nhận nuôi,to adopt (a pet),
lesson_t57_v1,con vật,animal,
lesson_t57_v2,mèo,cat,
lesson_t57_v3,chó,dog,
lesson_t57_v4,tiêm phòng,to vaccinate,
lesson_t57_v5,hiền,gentle / tame,
lesson_t57_v6,thủ tục,procedure / paperwork,
lesson_t57_v7,trại cứu hộ,animal shelter,
lesson_t58_d0,"Chào bạn, bạn hãy giới thiệu một chút về bản thân.","Hello, please introduce yourself a little.",
lesson_t58_d1,"Dạ, tôi tên Lan, tôi có ba năm kinh nghiệm làm marketing.","Yes, my name is Lan, I have three years of experience in marketing.",
lesson_t58_d2,Tại sao bạn muốn làm việc ở công ty chúng tôi?,Why do you want to work at our company?,
lesson_t58_d3,Vì tôi thấy công ty rất năng động và có nhiều cơ hội học hỏi.,Because I find the company very dynamic and full of learning opportunities.,
lesson_t58_v0,kinh nghiệm,experience,
lesson_t58_v1,giới thiệu,to introduce,
lesson_t58_v2,công ty,company,
lesson_t58_v3,cơ hội,opportunity,
lesson_t58_v4,phỏng vấn,interview,
lesson_t58_v5,năng động,dynamic / energetic,
lesson_t58_v6,bản thân,oneself,
lesson_t58_v7,kỹ năng,skill,
lesson_t59_d0,"Chào anh, xe của anh bị làm sao vậy?","Hello, what's wrong with your car?",
lesson_t59_d1,Xe tôi bị kêu lạ ở bánh trước và phanh không ăn.,My car is making a strange noise at the front wheel and the brakes aren't working well.,
lesson_t59_d2,Để tôi kiểm tra dầu phanh và lốp xe trước nhé.,Let me check the brake fluid and the tires first.,
lesson_t59_d3,"Dạ được, sửa xong thì tốn khoảng bao nhiêu tiền ạ?","Okay, how much will it cost once it's fixed?",
lesson_t59_v0,xe,car / vehicle,
lesson_t59_v1,phanh,brake,
lesson_t59_v2,lốp xe,tire,
lesson_t59_v3,bánh xe,wheel,
lesson_t59_v4,kiểm tra,to check / inspect,
lesson_t59_v5,dầu,oil / fluid,
lesson_t59_v6,sửa xe,to repair a car,
lesson_t59_v7,kêu lạ,to make a strange noise,
lesson_t60_d0,Bây giờ mọi người thái hành và tỏi cho thật nhỏ nhé.,Now everyone chop the onion and garlic very finely.,
lesson_t60_d1,"Dạ, mình cho bao nhiêu muối vào là vừa ạ?",How much salt should we add to make it just right?,
lesson_t60_d2,"Chỉ cần một muỗng nhỏ thôi, rồi nêm nếm lại sau.","Just one small spoon is enough, then taste and adjust it later.",
lesson_t60_d3,"Dạ hiểu rồi, sau đó mình xào trong bao lâu ạ?","Got it, and after that how long should we stir-fry it?",
lesson_t60_v0,thái,to chop / slice,
lesson_t60_v1,hành,onion / scallion,
lesson_t60_v2,tỏi,garlic,
lesson_t60_v3,muối,salt,
lesson_t60_v4,xào,to stir-fry,
lesson_t60_v5,nêm nếm,to season / taste-adjust,
lesson_t60_v6,muỗng,spoon,
lesson_t60_v7,công thức,recipe,
lesson_t61_d0,"Chào chị, vé vào cửa bao nhiêu tiền ạ?","Hello, how much is the entrance ticket?",
lesson_t61_d1,"Dạ, hai mươi nghìn một vé ạ.",Twenty thousand dong per ticket.,
lesson_t61_d2,Bức tranh này của họa sĩ nào vậy chị?,Which artist is this painting by?,
lesson_t61_d3,Đây là tranh của một họa sĩ nổi tiếng Việt Nam đó anh.,This is a painting by a famous Vietnamese artist.,
lesson_t61_v0,bảo tàng,museum,
lesson_t61_v1,vé,ticket,
lesson_t61_v2,tranh,painting,
lesson_t61_v3,họa sĩ,artist / painter,
lesson_t61_v4,triển lãm,exhibition,
lesson_t61_v5,tác phẩm,work of art,
lesson_t61_v6,nghệ thuật,art,
lesson_t61_v7,vào cửa,entrance / admission,
lesson_t62_d0,Cái áo này giá bao nhiêu vậy chị?,How much is this shirt?,
lesson_t62_d1,"Dạ, ba trăm nghìn một cái anh ơi.",Three hundred thousand dong each.,
lesson_t62_d2,"Đắt quá, chị bớt chút được không?","That's too expensive, can you lower it a bit?",
lesson_t62_d3,"Thôi được, hai trăm năm mươi nghìn cho anh nha.","Alright, two hundred fifty thousand for you.",
lesson_t62_v0,giá,price,
lesson_t62_v1,đắt,expensive,
lesson_t62_v2,rẻ,cheap,
lesson_t62_v3,bớt,to reduce / discount,
lesson_t62_v4,mặc cả,to bargain,
lesson_t62_v5,tiền,money,
lesson_t62_v6,cái,classifier / item,
lesson_t62_v7,được không,is that okay? / possible?,
lesson_t63_d0,"Sinh nhật bạn mình tuần sau, mình phải chuẩn bị gì đây?","Our friend's birthday is next week, what should we prepare?",
lesson_t63_d1,Mình nghĩ nên đặt bánh kem và mua ít bóng bay trang trí.,I think we should order a cake and buy some balloons to decorate.,
lesson_t63_d2,"Ừ hay đó, còn khách mời thì sao?","Yeah, good idea, what about the guests?",
lesson_t63_d3,Để mình gửi thiệp mời cho mọi người ngay bây giờ.,Let me send invitations to everyone right now.,
lesson_t63_v0,sinh nhật,birthday,
lesson_t63_v1,bánh kem,cake,
lesson_t63_v2,bóng bay,balloon,
lesson_t63_v3,trang trí,to decorate,
lesson_t63_v4,khách mời,guest,
lesson_t63_v5,thiệp mời,invitation card,
lesson_t63_v6,chuẩn bị,to prepare,
lesson_t63_v7,tổ chức,to organize,
lesson_t64_d0,"Chào anh, tối qua nhà anh ồn quá, em không ngủ được.","Hi, your place was too noisy last night, I couldn't sleep.",
lesson_t64_d1,"Ôi, xin lỗi em nha, tối qua nhà anh có tiệc nhỏ.","Oh, sorry about that, we had a small party last night.",
lesson_t64_d2,Anh có thể vặn nhạc nhỏ lại vào buổi tối được không?,Could you turn the music down in the evenings?,
lesson_t64_d3,"Được chứ, anh sẽ chú ý hơn từ giờ.","Of course, I'll be more careful from now on.",
lesson_t64_v0,ồn,noisy,
lesson_t64_v1,yên tĩnh,quiet,
lesson_t64_v2,hàng xóm,neighbor,
lesson_t64_v3,tiếng ồn,noise,
lesson_t64_v4,xin lỗi,sorry,
lesson_t64_v5,chú ý,to pay attention,
lesson_t64_v6,nhạc,music,
lesson_t64_v7,phàn nàn,to complain,
lesson_t65_d0,"Chào chị, em muốn đặt lịch massage vào chiều mai ạ.","Hello, I'd like to book a massage for tomorrow afternoon.",
lesson_t65_d1,"Dạ được, chị thích giờ nào, hai giờ hay bốn giờ chiều ạ?","Sure, which time do you prefer, 2pm or 4pm?",
lesson_t65_d2,"Cho em hai giờ chiều nha, khoảng bao lâu vậy chị?","Two pm please, about how long does it take?",
lesson_t65_d3,"Dạ, liệu trình một tiếng rưỡi, chị nhớ đến sớm mười phút nhé.","The treatment is an hour and a half, please arrive ten minutes early.",
lesson_t65_v0,đặt lịch,to book an appointment,
lesson_t65_v1,massage,massage,
lesson_t65_v2,giờ,hour / time,
lesson_t65_v3,liệu trình,treatment / session,
lesson_t65_v4,thư giãn,to relax,
lesson_t65_v5,spa,spa,
lesson_t65_v6,nhân viên,staff,
lesson_t65_v7,sớm,early,
lesson_t66_d0,"Chào bạn, mình muốn luyện tập tiếng Việt, được không?","Hi, I want to practice Vietnamese, is that okay?",
lesson_t66_d1,Được chứ! Mình cũng muốn học tiếng Anh với bạn.,Of course! I also want to learn English with you.,
lesson_t66_d2,"Vậy mình nói tiếng Việt trước, bạn sửa lỗi cho mình nhé.","Then I'll speak Vietnamese first, please correct my mistakes.",
lesson_t66_d3,"Ừ, nghe được lắm rồi, chỉ sai một chút thôi.","Sure, that sounded quite good, just a small mistake.",
lesson_t66_v0,luyện tập,to practice,
lesson_t66_v1,tiếng Việt,Vietnamese language,
lesson_t66_v2,tiếng Anh,English language,
lesson_t66_v3,sửa lỗi,to correct mistakes,
lesson_t66_v4,học,to learn / study,
lesson_t66_v5,nói,to speak,
lesson_t66_v6,nghe,to listen / hear,
lesson_t66_v7,sai,wrong / mistake,
lesson_t67_d0,"Xin lỗi, chuyến bay của tôi có bị hoãn không?","Excuse me, is my flight delayed?",
lesson_t67_d1,"Dạ đúng rồi, chuyến bay bị hoãn hai tiếng ạ.","Yes, that's right, the flight is delayed two hours.",
lesson_t67_d2,Vậy tôi có thể đổi sang chuyến bay khác được không?,Then can I change to a different flight?,
lesson_t67_d3,"Dạ được, anh cho tôi xem vé rồi em sắp xếp cho.","Yes, please show me your ticket and I'll arrange it for you.",
lesson_t67_v0,chuyến bay,flight,
lesson_t67_v1,hoãn,delayed,
lesson_t67_v2,vé,ticket,
lesson_t67_v3,đổi,to change / exchange,
lesson_t67_v4,sân bay,airport,
lesson_t67_v5,cổng,gate,
lesson_t67_v6,sắp xếp,to arrange,
lesson_t67_v7,trễ,late,
lesson_t68_d0,"Chào chị, tôi muốn đăng ký thẻ tập gym.","Hello, I'd like to sign up for a gym membership.",
lesson_t68_d1,"Dạ được, anh muốn đăng ký gói một tháng hay một năm ạ?","Sure, would you like a one-month or one-year package?",
lesson_t68_d2,Cho tôi gói một tháng trước. Ở đây có hồ bơi không?,Give me the one-month package first. Is there a pool here?,
lesson_t68_d3,"Dạ có, ngoài hồ bơi còn có phòng tắm hơi và lớp yoga nữa ạ.","Yes, besides the pool there's also a sauna and yoga classes.",
lesson_t68_v0,đăng ký,to register / sign up,
lesson_t68_v1,thẻ tập,gym membership card,
lesson_t68_v2,gói,package,
lesson_t68_v3,hồ bơi,swimming pool,
lesson_t68_v4,phòng tắm hơi,sauna,
lesson_t68_v5,lớp,class,
lesson_t68_v6,tháng,month,
lesson_t68_v7,năm,year,
lesson_t69_d0,"Chào anh, tôi muốn làm thẻ thư viện.","Hello, I'd like to make a library card.",
lesson_t69_d1,"Dạ, anh cho tôi xem chứng minh thư nhé.","Sure, please show me your ID card.",
lesson_t69_d2,Đây ạ. Tôi có thể mượn bao nhiêu cuốn sách một lần?,Here it is. How many books can I borrow at once?,
lesson_t69_d3,"Dạ, mỗi lần anh được mượn năm cuốn trong hai tuần ạ.",Each time you can borrow five books for two weeks.,
lesson_t69_v0,thẻ thư viện,library card,
lesson_t69_v1,mượn,to borrow,
lesson_t69_v2,sách,book,
lesson_t69_v3,chứng minh thư,ID card,
lesson_t69_v4,trả,to return,
lesson_t69_v5,tuần,week,
lesson_t69_v6,cuốn,classifier for books,
lesson_t69_v7,thư viện,library,
lesson_t70_d0,Cứu tôi với! Bạn tôi bị ngất rồi!,Help me! My friend has fainted!,
lesson_t70_d1,"Bình tĩnh, tôi gọi xe cấp cứu ngay đây.","Stay calm, I'll call an ambulance right now.",
lesson_t70_d2,"Xin nhanh lên, anh ấy khó thở lắm.","Please hurry, he's having a lot of trouble breathing.",
lesson_t70_d3,"Dạ, xe cấp cứu sẽ đến trong năm phút nữa, chị đừng lo.","Okay, the ambulance will arrive in five more minutes, don't worry.",
lesson_t70_v0,cứu,to save / help,
lesson_t70_v1,ngất,to faint,
lesson_t70_v2,xe cấp cứu,ambulance,
lesson_t70_v3,khó thở,difficulty breathing,
lesson_t70_v4,bình tĩnh,calm down,
lesson_t70_v5,bệnh viện,hospital,
lesson_t70_v6,nhanh,fast / quick,
lesson_t70_v7,lo,to worry,
lesson_t71_d0,Đám cưới của em tổ chức vào ngày nào vậy?,When is your wedding going to be held?,
lesson_t71_d1,"Dạ, tụi em định tổ chức vào tháng mười hai.",We're planning to hold it in December.,
lesson_t71_d2,Em đã đặt nhà hàng chưa?,Have you booked the restaurant yet?,
lesson_t71_d3,"Rồi ạ, em đặt nhà hàng tuần trước, còn thiệp mời thì tuần sau mới in.","Yes, I booked the restaurant last week, and the invitation cards will be printed next week.",
lesson_t71_v0,đám cưới,wedding,
lesson_t71_v1,tổ chức,to organize / to hold,
lesson_t71_v2,nhà hàng,restaurant,
lesson_t71_v3,thiệp mời,invitation card,
lesson_t71_v4,cô dâu,bride,
lesson_t71_v5,chú rể,groom,
lesson_t71_v6,tiệc,party / banquet,
lesson_t71_v7,đặt,to book / to reserve,
lesson_t72_d0,"Chào anh, nhà em bị hư máy lạnh, anh sửa được không?","Hello, my air conditioner is broken, can you fix it?",
lesson_t72_d1,"Được chị, máy lạnh bị hư gì vậy?","Sure, what's wrong with the air conditioner?",
lesson_t72_d2,Nó không mát và có tiếng kêu lạ.,It's not cold and it makes a strange noise.,
lesson_t72_d3,Để em kiểm tra rồi báo giá cho chị nhé.,Let me check it and then give you a price quote.,
lesson_t72_v0,sửa,to repair / fix,
lesson_t72_v1,hư,broken,
lesson_t72_v2,máy lạnh,air conditioner,
lesson_t72_v3,kiểm tra,to check / inspect,
lesson_t72_v4,báo giá,to quote a price,
lesson_t72_v5,tiếng kêu,noise / sound,
lesson_t72_v6,ống nước,pipe,
lesson_t72_v7,thợ sửa,repair technician,
lesson_t73_d0,Cuối tuần này có sự kiện cộng đồng ở công viên đó.,This weekend there's a community event at the park.,
lesson_t73_d1,Vậy à? Có hoạt động gì vậy?,Really? What activities are there?,
lesson_t73_d2,"Có dọn dẹp công viên và trồng cây, mọi người đều được mời tham gia.","There's park cleanup and tree planting, everyone is invited to join.",
lesson_t73_d3,"Hay quá, mình muốn đăng ký làm tình nguyện viên.","That's great, I want to sign up to be a volunteer.",
lesson_t73_v0,sự kiện,event,
lesson_t73_v1,cộng đồng,community,
lesson_t73_v2,công viên,park,
lesson_t73_v3,tình nguyện viên,volunteer,
lesson_t73_v4,tham gia,to participate / join,
lesson_t73_v5,dọn dẹp,to clean up,
lesson_t73_v6,trồng cây,to plant trees,
lesson_t73_v7,đăng ký,to register / sign up,
lesson_t74_d0,"Chào chú, nhà em bị dột khi trời mưa.","Hello, my place leaks when it rains.",
lesson_t74_d1,Vậy hả? Để chú lên xem thử.,Really? Let me come up and take a look.,
lesson_t74_d2,"Dạ, với lại vòi nước trong bếp cũng bị rò rỉ nữa ạ.","Also, the faucet in the kitchen is leaking too.",
lesson_t74_d3,"Được, chú sẽ kêu thợ sửa tuần này.","Okay, I'll call a repair technician this week.",
lesson_t74_v0,dột,leaking (roof),
lesson_t74_v1,chủ nhà,landlord,
lesson_t74_v2,rò rỉ,to leak,
lesson_t74_v3,vòi nước,faucet,
lesson_t74_v4,sửa chữa,repair,
lesson_t74_v5,tiền thuê nhà,rent,
lesson_t74_v6,hợp đồng,contract / lease,
lesson_t74_v7,báo,to inform / report,
lesson_t75_d0,Hôm nay mình học lái xe số sàn nhé.,Today let's practice driving a manual car.,
lesson_t75_d1,"Dạ, em hơi lo, em chưa lái xe số sàn bao giờ.","Okay, I'm a bit nervous, I've never driven a manual car before.",
lesson_t75_d2,"Không sao, em đạp côn từ từ rồi vào số một.","It's okay, press the clutch slowly and then shift into first gear.",
lesson_t75_d3,"Dạ, em hiểu rồi, em thử nha.","Okay, I understand, I'll give it a try.",
lesson_t75_v0,lái xe,to drive,
lesson_t75_v1,số sàn,manual transmission,
lesson_t75_v2,đạp côn,to press the clutch,
lesson_t75_v3,vào số,to shift gears,
lesson_t75_v4,thắng,brake,
lesson_t75_v5,ga,gas pedal,
lesson_t75_v6,bằng lái,driver's license,
lesson_t75_v7,an toàn,safe,
