ID,Vietnamese_Text,English_Text,Vietnamese_Sound
lesson_l1_v4,cảm ơn,thank you,
lesson_l1_v5,xin chào,hello (formal),
lesson_l1_v9,tạm biệt,goodbye,
lesson_l2_v0,chào bạn,hello,
lesson_l2_v5,cho mình,give me,
lesson_l3_v0,Dạ có,yes (polite),
lesson_l3_v2,nhà vệ sinh,bathroom,
lesson_l3_v3,đi thẳng,to go straight,
lesson_l3_v5,Dạ không,no (polite),
lesson_l3_v7,ở kia,over there,
lesson_l4_v0,tổng cộng,total,
lesson_l4_v5,năm mươi,fifty,
lesson_l4_v6,xin lỗi,sorry,
lesson_l4_v7,tiếng Việt,Vietnamese,
lesson_l5_v1,ga tàu,train station,
lesson_l5_v2,ở đằng kia,over there,
lesson_l5_v3,trạm xe buýt,bus stop,
lesson_l5_v4,đi qua,to pass,
lesson_l5_v5,không sao,no problem,
lesson_l5_v6,ở đâu,where,
lesson_l5_v7,ở đây,here,
lesson_l5_v9,cho tôi,let me,
lesson_l7_v0,cái này,this,
lesson_l7_v5,bao nhiêu,how much,
lesson_l8_v8,cà phê,coffee,
lesson_l8_v9,bánh ngọt,pastry,
lesson_l9_v0,đường nào,which way,
lesson_l9_v1,rẽ trái,to turn left,
lesson_l9_v6,rẽ phải,to turn right,
lesson_l10_v3,còn bạn,and you?,
lesson_l10_v8,đến từ,to come from,
lesson_l10_v9,Mỹ,America,
lesson_l11_v5,được không,can you? / is it possible?,
lesson_l11_v8,đằng kia,over there,
lesson_l12_v6,Hà Nội,Hanoi,
lesson_l12_v7,Hồ Chí Minh,Ho Chi Minh City,
lesson_l12_v11,bây giờ,now,
lesson_l12_v13,Đà Nẵng,Da Nang,
lesson_l12_v14,Sài Gòn,Saigon,
lesson_l13_v3,một chút,a little,
lesson_l13_v7,tiếng Anh,English,
lesson_l13_v9,tốt quá,great,
lesson_l14_5,"Mình hiểu rồi. Tên mình viết là K, I, M.","I understand. My name is written K, I, M.",
lesson_l14_v1,thế nào,how,
lesson_l14_v2,đánh vần,to spell,
lesson_l14_v4,dấu sắc,rising tone,
lesson_l14_v5,dấu ngã,tumbling tone,
lesson_l14_v8,chữ cái,letter (alphabet),
lesson_l14_v9,dấu huyền,falling tone,
lesson_l14_v10,dấu hỏi,asking tone,
lesson_l14_v11,dấu nặng,heavy tone,
lesson_l15_5,Tôi ba mươi hai tuổi.,I am thirty-two years old.,
lesson_l15_v5,ba mươi hai,thirty-two,
lesson_l15_v7,lăm,five (in compound numbers),
lesson_l15_v10,xin hỏi,may I ask,
lesson_l15_v12,hai mươi,twenty,
lesson_l15_v13,bốn mươi lăm,forty-five,
lesson_l15_v14,một trăm,one hundred,
lesson_l16_v0,hôm nay,today,
lesson_l16_v1,ngày mai,tomorrow,
lesson_l16_v2,thứ Ba,Tuesday,
lesson_l16_v3,thứ Năm,Thursday,
lesson_l16_v4,thứ Bảy,Saturday,
lesson_l16_v5,xem phim,to watch a movie,
lesson_l16_v7,hôm qua,yesterday,
lesson_l16_v8,thứ Hai,Monday,
lesson_l16_v9,thứ Tư,Wednesday,
lesson_l16_v10,thứ Sáu,Friday,
lesson_l16_v11,Chủ nhật,Sunday,
lesson_l17_v0,mấy giờ,what time,
lesson_l17_v2,chiều nay,this afternoon,
lesson_l17_v10,gặp nhau,to meet,
lesson_l18_v2,nước suối,bottled water,
lesson_l18_v3,ở bên kia,over there,
lesson_l18_v4,có ... không,do you have...?,
lesson_l18_v6,trái cây,fruit,
lesson_l18_v11,bánh mì,bread,
lesson_l19_v1,nghìn đồng,thousand dong,
lesson_l19_v5,xong rồi,done / finished,
lesson_l19_v6,hóa đơn,receipt / bill,
lesson_l19_v7,tám mươi,eighty,
lesson_l19_v8,thanh toán,to pay,
lesson_l19_v10,xin vui lòng,please,
lesson_l19_v11,mã pin,PIN code,
lesson_l19_v12,tiền mặt,cash,
lesson_l20_5,Cô bớt cho cháu một chút được không ạ?,Can you give me a little discount?,
lesson_l20_6,"Được rồi, ba mươi lăm nghìn nhé.","Alright, thirty-five thousand then.",
lesson_l20_v0,một cân,one kilo,
lesson_l20_v2,bao nhiêu tiền,how much money,
lesson_l20_v5,bốn mươi,forty,
lesson_l20_v10,tất cả,total,
lesson_l20_v14,ba mươi lăm,thirty-five,
lesson_l21_5,Cảm ơn bạn.,Thank you.,
lesson_l21_v0,gói hàng,package,
lesson_l21_v2,mã đơn hàng,order code,
lesson_l21_v8,đơn hàng,order,
lesson_l22_v2,tiền thừa,change back,
lesson_l22_v3,năm trăm nghìn,five hundred thousand,
lesson_l22_v5,cho tôi xin,please give me,
lesson_l22_v6,đây là,here is,
lesson_l22_v8,tiền lẻ,small change,
lesson_l22_v9,một trăm nghìn,one hundred thousand,
lesson_l22_v11,quý khách,customer (formal),
lesson_l22_v12,trả tiền,to pay,
lesson_l22_v13,không có,don't have,
lesson_l23_5,Đây là hóa đơn của tôi.,Here is my receipt.,
lesson_l23_v1,bị hỏng,broken,
lesson_l23_v3,hoàn tiền,refund,
lesson_l23_v4,bị lỗi,defective,
lesson_l23_v5,thẻ tín dụng,credit card,
lesson_l23_v6,đồng hồ,watch,
lesson_l23_v7,trả lại,to return,
lesson_l23_v8,cái mới,new one,
lesson_l23_v11,cửa hàng,store,
lesson_l24_v0,mặc thử,to try on,
lesson_l24_v4,đợi một chút,to wait a moment,
lesson_l24_v8,cái áo,shirt,
lesson_l24_v9,phòng thử đồ,fitting room,
lesson_l24_v11,lớn hơn,larger,
lesson_l25_v2,một cốc,one cup / glass,
lesson_l25_v4,mang về,to go / take away,
lesson_l25_v7,cà phê đen,black coffee,
lesson_l25_v12,cà phê sữa đá,iced milk coffee,
lesson_l25_v15,ba mươi,thirty,
lesson_l26_v2,phở bò,beef pho,
lesson_l26_v5,trà đá,iced tea,
lesson_l26_v7,gọi món,to order food,
lesson_l26_v12,cơm tấm,broken rice,
lesson_l27_v1,bún thịt nướng,grilled pork noodles,
lesson_l27_v5,dị ứng,allergy,
lesson_l27_v6,bột ngọt,MSG,
lesson_l27_v7,đậu phộng,peanut (Southern),
lesson_l27_v9,không ăn được,cannot eat,
lesson_l27_v12,hải sản,seafood,
lesson_l27_v13,ăn chay,vegetarian,
lesson_l28_v1,cho tính tiền,"the bill, please",
lesson_l28_v4,trả bằng thẻ,to pay by card,
lesson_l28_v7,dùng thêm,to order more,
lesson_l28_v8,tính tiền,to calculate the bill,
lesson_l29_0,"Chào bạn, bạn muốn ăn gì ạ?","Hello, what would you like to eat?",
lesson_l29_1,Cái này là món gì?,What is this dish?,
lesson_l29_2,"Dạ, đó là bún chả.",That is bun cha.,
lesson_l29_3,Cho tôi một suất bún chả nhé.,Please give me one portion of bun cha.,
lesson_l29_v7,thực đơn,menu,
lesson_l29_v9,bún chả,bun cha,
lesson_l29_v13,phở,pho,
lesson_l29_v14,cái kia,that one,
lesson_l30_0,"Chào bạn, bạn uống gì ạ?","Hello, what would you like to drink?",
lesson_l30_1,Cho tôi một cốc trà đá và một chai nước suối.,Give me a glass of iced tea and a bottle of mineral water.,
lesson_l30_2,Vâng ạ. Bạn dùng ở đây hay mang đi?,Yes. Will you have it here or take it away?,
lesson_l30_3,Mang đi. Tính tiền cho tôi nhé.,Take away. The bill please.,
lesson_l30_4,Tổng cộng là hai mươi lăm nghìn ạ.,The total is twenty-five thousand.,
lesson_l30_v6,hai mươi lăm,twenty-five,
lesson_l30_v10,dùng ở đây,to have it here,
lesson_l30_v11,mang đi,to take away,
lesson_l31_0,"Chào bạn, bạn bị sao ạ?","Hello, what's wrong?",
lesson_l31_1,Tôi bị đau ở đây.,It hurts here.,
lesson_l31_2,"Vâng, đây là thuốc cho bạn.","Yes, here is medicine for you.",
lesson_l31_3,Thuốc này uống thế nào ạ?,How do I take this medicine?,
lesson_l31_4,Uống hai viên sau khi ăn.,Take two pills after eating.,
lesson_l31_v0,bị sao,what's wrong,
lesson_l31_v5,đau đầu,headache,
lesson_l31_v9,sau khi,after,
lesson_l31_v10,nhà thuốc,pharmacy,
lesson_l31_v11,đau bụng,stomachache,
lesson_l32_0,Chào anh. Anh cần khám bệnh ạ?,Hello. Do you need to see a doctor?,
lesson_l32_1,Chào chị. Tôi muốn khám bệnh.,Hello. I want to see a doctor.,
lesson_l32_2,Dạ được. Anh cho tôi xem hộ chiếu nhé.,"Yes, okay. Please let me see your passport.",
lesson_l32_3,Đây là hộ chiếu của tôi.,Here is my passport.,
lesson_l32_4,Cảm ơn anh. Anh vui lòng ngồi đợi.,Thank you. Please sit and wait.,
lesson_l32_5,Cảm ơn chị.,Thank you.,
lesson_l32_v0,khám bệnh,to see a doctor,
lesson_l32_v3,vui lòng,please,
lesson_l32_v5,dạ được,"yes, okay",
lesson_l32_v6,bác sĩ,doctor,
lesson_l32_v7,hộ chiếu,passport,
lesson_l32_v12,phòng khám,clinic,
lesson_l33_0,Chào anh. Anh cần giúp gì ạ?,Hello. How can I help you?,
lesson_l33_1,Chào chị. Tôi muốn đặt lịch khám với bác sĩ.,Hello. I want to make an appointment with a doctor.,
lesson_l33_2,Vâng. Ba giờ chiều nay được không ạ?,Yes. Is three o'clock this afternoon okay?,
lesson_l33_3,Ba giờ tôi bận rồi. Bốn giờ rưỡi được không?,I am busy at three. Is four thirty okay?,
lesson_l33_4,Dạ được. Hẹn anh lúc bốn giờ rưỡi chiều nay.,"Yes, that works. See you at four thirty this afternoon.",
lesson_l33_v0,đặt lịch khám,to make a doctor's appointment,
lesson_l33_v3,ba giờ,three o'clock,
lesson_l33_v10,bốn giờ rưỡi,four thirty,
lesson_l33_v11,bệnh viện,hospital,
lesson_l33_v12,sáng nay,this morning,
lesson_l33_v13,y tá,nurse,
lesson_l34_0,"Chào anh, anh bị sao vậy?","Hello, what is wrong?",
lesson_l34_1,"Chào bác sĩ, tôi bị đau bụng lắm ạ.","Hello doctor, my stomach hurts a lot.",
lesson_l34_2,Anh bị đau bao lâu rồi?,How long have you been in pain?,
lesson_l34_3,Tôi bị đau ba ngày rồi ạ.,I have been in pain for three days already.,
lesson_l34_4,Anh có bị sốt không?,Do you have a fever?,
lesson_l34_5,"Dạ có, tôi cũng bị sốt ạ.","Yes, I also have a fever.",
lesson_l34_v9,bao lâu,how long,
lesson_l35_0,Cấp cứu một một năm xin nghe. Bạn cần giúp gì?,Emergency one one five listening. What help do you need?,
lesson_l35_1,Cứu tôi với! Gọi xe cấp cứu giúp tôi!,Help me! Call an ambulance for me!,
lesson_l35_2,"Được rồi, hãy bình tĩnh. Địa chỉ của bạn là gì?","Alright, please stay calm. What is your address?",
lesson_l35_3,"Số mười hai, đường Lê Lợi.","Number twelve, Le Loi street.",
lesson_l35_v1,xe cấp cứu,ambulance,
lesson_l35_v2,địa chỉ,address,
lesson_l35_v4,bình tĩnh,calm,
lesson_l35_v5,cảnh sát,police,
lesson_l35_v11,cấp cứu,emergency,
lesson_l36_0,"Chào bạn, bạn đau ở đâu?","Hello, where does it hurt?",
lesson_l36_1,"Chào bác sĩ, tôi bị đau răng.","Hello doctor, I have a toothache.",
lesson_l36_2,Bạn há miệng ra nhé.,Please open your mouth.,
lesson_l36_3,Đau quá. Bác sĩ cho tôi thuốc tê nhé.,"It hurts a lot. Please give me anesthesia, doctor.",
lesson_l36_4,"Được, tôi sẽ tiêm thuốc tê.","Okay, I will inject anesthesia.",
lesson_l36_v3,thuốc tê,anesthesia / numbing medicine,
lesson_l36_v4,cho tôi ... nhé,please give me ...,
lesson_l36_v5,khám răng,dental checkup,
lesson_l36_v7,bị đau răng,to have a toothache,
lesson_l36_v8,há miệng,to open one's mouth,
lesson_l36_v10,đau quá,it hurts a lot,
lesson_l36_v11,nhổ răng,to extract a tooth,
lesson_l37_0,Chào anh. Anh cần mua gì?,Hello. What do you need to buy?,
lesson_l37_1,Chào chị. Tôi muốn mua thuốc theo đơn này.,Hello. I want to buy medicine according to this prescription.,
lesson_l37_2,"Vâng, thuốc của anh đây ạ.","Yes, here is your medicine.",
lesson_l37_3,Thuốc này mỗi ngày uống mấy viên?,How many pills of this medicine do I take a day?,
lesson_l37_4,"Mỗi ngày uống hai viên, sau bữa ăn.","Take two pills a day, after meals.",
lesson_l37_5,Cảm ơn chị. Hết bao nhiêu tiền?,Thank you. How much is it?,
lesson_l37_v5,bữa ăn,meal,
lesson_l37_v6,hết bao nhiêu tiền,how much is it in total,
lesson_l37_v7,đơn thuốc,prescription,
lesson_l37_v9,mỗi ngày,every day,
lesson_l38_0,Chào anh. Anh cần làm gì ạ?,Hello. What do you need to do?,
lesson_l38_1,Tôi cần xin visa. Cần những giấy tờ gì?,I need to apply for a visa. What documents are needed?,
lesson_l38_2,Anh cần nộp hộ chiếu và hai ảnh.,You need to submit a passport and two photos.,
lesson_l38_3,Tôi có đủ rồi. Nộp hồ sơ ở đâu?,I have everything. Where do I submit the application?,
lesson_l38_4,Anh nộp ở quầy số năm nhé.,Please submit it at counter number five.,
lesson_l38_v0,xin visa,to apply for a visa,
lesson_l38_v4,đơn xin,application form,
lesson_l38_v5,thị thực,visa (formal),
lesson_l38_v6,giấy tờ,documents,
lesson_l38_v8,hồ sơ,application file,
lesson_l38_v10,lệ phí,fee,
lesson_l38_v11,gia hạn,to extend,
lesson_l39_0,Chào anh. Anh cần giúp gì không?,Hello. Do you need any help?,
lesson_l39_1,Vâng. Tôi không hiểu tờ đơn này.,Yes. I don't understand this form.,
lesson_l39_2,Anh không hiểu chỗ nào?,Which part do you not understand?,
lesson_l39_3,Chỗ này nghĩa là gì?,What does this part mean?,
lesson_l39_4,Chỗ đó là địa chỉ của anh.,That part is your address.,
lesson_l39_5,Cảm ơn chị nhiều.,Thank you very much.,
lesson_l39_v1,tờ đơn,form,
lesson_l39_v2,nghĩa là gì,what does it mean,
lesson_l39_v4,chữ ký,signature,
lesson_l39_v5,ngày sinh,date of birth,
lesson_l39_v10,họ tên,full name,
lesson_l40_0,Xin chào quý khách. Tôi có thể giúp gì cho quý khách ạ?,Hello. How can I help you?,
lesson_l40_1,Tôi muốn mở tài khoản ngân hàng.,I want to open a bank account.,
lesson_l40_2,Dạ vâng. Quý khách có mang theo hộ chiếu không ạ?,Yes. Do you have your passport with you?,
lesson_l40_3,"Có, hộ chiếu đây. Tôi cần giấy tờ gì nữa không?","Yes, here is the passport. Do I need any other documents?",
lesson_l40_4,Ngân hàng cần thêm visa hoặc thẻ cư trú ạ.,The bank also needs a visa or residence card.,
lesson_l40_5,Tôi có thẻ cư trú. Đây nhé.,I have a residence card. Here you go.,
lesson_l40_v0,ngân hàng,bank,
lesson_l40_v2,thẻ cư trú,residence card,
lesson_l40_v4,mang theo,to bring along,
lesson_l40_v7,tài khoản,account,
lesson_l40_v9,visa,visa,
lesson_l41_0,"Xin chào, bạn cần mua gì ạ?","Hello, what do you need to buy?",
lesson_l41_1,Tôi muốn mua sim có mạng.,I want to buy a SIM with internet.,
lesson_l41_2,"Dạ, chúng tôi có gói một tháng.","Yes, we have a one-month package.",
lesson_l41_3,Tuyệt vời. Gói một tháng giá bao nhiêu?,Great. How much is the one-month package?,
lesson_l41_4,"Dạ, hai trăm nghìn đồng ạ. Xin hộ chiếu của bạn.","Yes, two hundred thousand dong. Your passport, please.",
lesson_l41_v3,giá bao nhiêu,how much,
lesson_l41_v9,sim có mạng,data SIM,
lesson_l41_v10,một tháng,one month,
lesson_l41_v11,hai trăm,two hundred,
lesson_l41_v13,tuyệt vời,great,
lesson_l42_0,"Chào anh, em cần hộ chiếu để đăng ký ạ.","Hello, I need your passport to register.",
lesson_l42_2,"Dạ, khách sạn phải đăng ký với công an.","Yes, the hotel must register with the police.",
lesson_l42_3,Khi nào tôi lấy lại được hộ chiếu?,When can I get the passport back?,
lesson_l42_4,Sáng mai em sẽ trả lại cho anh ạ.,Tomorrow morning I will return it to you.,
lesson_l42_5,"Được, ngày mai tôi sẽ lấy.","Okay, I will get it tomorrow.",
lesson_l42_v1,khách sạn,hotel,
lesson_l42_v2,khi nào,when,
lesson_l42_v6,đăng ký,to register,
lesson_l42_v7,công an,police,
lesson_l42_v8,lấy lại,to get back,
lesson_l42_v9,sáng mai,tomorrow morning,
lesson_l43_0,"Chào anh, anh cần giúp gì ạ?","Hello sir, how can I help you?",
lesson_l43_1,Chào chị. Tôi muốn gửi bưu kiện này đi Mỹ.,Hello. I want to send this parcel to America.,
lesson_l43_2,Vâng. Anh muốn gửi thường hay gửi nhanh ạ?,Yes. Do you want to send standard or express?,
lesson_l43_3,Gửi thường. Phí gửi là bao nhiêu tiền?,Standard. How much is the shipping fee?,
lesson_l43_4,Phí gửi là năm trăm nghìn đồng ạ.,The shipping fee is five hundred thousand dong.,
lesson_l43_v2,gửi nhanh,express shipping,
lesson_l43_v4,năm trăm,five hundred,
lesson_l43_v7,bưu kiện,parcel,
lesson_l43_v8,gửi thường,standard shipping,
lesson_l43_v9,phí gửi,shipping fee,
lesson_l43_v12,bưu điện,post office,
lesson_l44_1,"Xin lỗi, tôi lấy số ở đâu?","Excuse me, where do I take a number?",
lesson_l44_2,Máy lấy số ở đằng kia ạ.,The ticket machine is over there.,
lesson_l44_3,Cảm ơn. Tôi đợi ở quầy nào?,Thank you. Which counter do I wait at?,
lesson_l44_4,Anh đợi ở quầy số ba nhé.,Please wait at counter number three.,
lesson_l44_v1,lấy số,to take a number,
lesson_l44_v5,xếp hàng,to line up,
lesson_l44_v12,số ba,number three,
lesson_l44_v13,đến lượt,to be one's turn,
lesson_l45_1,Chào bạn. Tôi cần tìm lớp tiếng Việt.,Hello. I need to find a Vietnamese class.,
lesson_l45_2,Vâng. Bạn muốn học buổi sáng hay buổi tối?,Yes. Do you want to study in the morning or evening?,
lesson_l45_3,Tôi cần học lớp buổi tối.,I need to take an evening class.,
lesson_l45_v3,buổi sáng,morning,
lesson_l45_v10,buổi tối,evening,
lesson_l45_v12,buổi chiều,afternoon,
lesson_l45_v13,giáo viên,teacher,
lesson_l46_0,Căn hộ này có đầy đủ nội thất ạ.,This apartment is fully furnished.,
lesson_l46_2,Giá thuê là mười triệu đồng một tháng ạ.,The rent is ten million dong a month.,
lesson_l46_3,Giá đó bao gồm điện và nước chưa?,Does that price include electricity and water?,
lesson_l46_4,Tiền điện và tiền nước tính riêng ạ.,Electricity and water are calculated separately.,
lesson_l46_5,Căn hộ rất đẹp. Tôi sẽ thuê.,The apartment is very nice. I will rent it.,
lesson_l46_v0,căn hộ,apartment,
lesson_l46_v1,đầy đủ,fully / complete,
lesson_l46_v5,tiền điện,electricity bill,
lesson_l46_v6,tính riêng,calculated separately,
lesson_l46_v7,nội thất,furniture,
lesson_l46_v8,giá thuê,rent,
lesson_l46_v10,bao gồm,to include,
lesson_l46_v12,tiền nước,water bill,
lesson_l47_0,Đây là hợp đồng thuê nhà.,Here is the rental contract.,
lesson_l47_1,Tiền cọc là bao nhiêu ạ?,How much is the deposit?,
lesson_l47_2,Tiền cọc là một tháng tiền nhà.,The deposit is one month of rent.,
lesson_l47_3,Khi nào tôi có thể chuyển vào ạ?,When can I move in?,
lesson_l47_4,Ngày mai anh có thể chuyển vào.,You can move in tomorrow.,
lesson_l47_5,"Tốt quá, tôi sẽ ký hợp đồng.","Great, I will sign the contract.",
lesson_l47_v0,hợp đồng,contract,
lesson_l47_v1,tiền cọc,deposit,
lesson_l47_v5,chìa khóa,key,
lesson_l47_v6,thuê nhà,to rent a house,
lesson_l47_v7,tiền nhà,rent,
lesson_l47_v8,chuyển vào,to move in,
lesson_l47_v10,chủ nhà,landlord,
lesson_l48_0,"Xin chào, lễ tân xin nghe.","Hello, reception listening.",
lesson_l48_1,Chào bạn. Điều hòa phòng tôi bị hỏng.,Hello. The air conditioner in my room is broken.,
lesson_l48_2,"Dạ, quý khách ở phòng số mấy ạ?","Yes, what room are you in?",
lesson_l48_3,Phòng ba không hai. Bạn gọi thợ giúp tôi nhé.,Room three zero two. Please call a repairman for me.,
lesson_l48_4,"Vâng ạ, thợ sẽ lên ngay bây giờ.","Yes, a repairman will come up right now.",
lesson_l48_v0,lễ tân,reception,
lesson_l48_v4,ngay bây giờ,right now,
lesson_l48_v6,nước nóng,hot water,
lesson_l48_v7,điều hòa,air conditioner,
lesson_l48_v11,tivi,TV,
lesson_l48_v12,tủ lạnh,refrigerator,
lesson_l49_1,Phòng của tôi không có nước nóng.,My room does not have hot water.,
lesson_l49_2,Xin lỗi anh. Chúng tôi sẽ sửa ngay.,I apologize. We will fix it right away.,
lesson_l49_3,Bao lâu thì sửa xong?,How long until it is fixed?,
lesson_l49_4,Khoảng ba mươi phút nữa ạ.,In about thirty minutes.,
lesson_l49_v6,máy lạnh,air conditioner,
lesson_l50_0,Chào chị. Em ở nhà bên cạnh.,Hello. I live next door.,
lesson_l50_1,Chào em. Chị là Lan. Rất vui được gặp em.,Hello. I am Lan. Nice to meet you.,
lesson_l50_2,Em tên là Tom. Em vẫn đang học tiếng Việt.,My name is Tom. I am still learning Vietnamese.,
lesson_l50_3,Tiếng Việt của em rất tốt!,Your Vietnamese is very good!,
lesson_l50_4,Cảm ơn chị ạ.,Thank you.,
lesson_l50_v2,rất vui,very happy,
lesson_l50_v8,bên cạnh,next door / next to,
lesson_l51_0,Chào bạn. Hôm nay trời đẹp quá nhỉ!,"Hello. The weather is so nice today, isn't it!",
lesson_l51_1,Trời rất mát. Bạn đi làm à?,It's very cool. Are you going to work?,
lesson_l51_2,Đúng rồi. Mình đi làm đây.,That's right. I'm heading to work now.,
lesson_l51_3,Đi cẩn thận nhé. Hẹn gặp lại!,Drive safely. See you later!,
lesson_l51_v4,đi làm,to go to work,
lesson_l51_v5,hẹn gặp lại,see you later,
lesson_l51_v10,cẩn thận,careful / carefully,
lesson_l51_v11,đúng rồi,that's right,
lesson_l52_0,Chào bạn. Mình có việc muốn nhờ bạn.,Hi. I have a favor to ask you.,
lesson_l52_1,Chào bạn. Bạn cần giúp gì vậy?,Hi. What do you need help with?,
lesson_l52_2,Bạn có cái kéo không? Cho mình mượn một lát nhé.,Do you have scissors? Please let me borrow them for a moment.,
lesson_l52_3,Có chứ. Bạn đợi mình một chút.,Sure. Wait for me a moment.,
lesson_l52_4,Cảm ơn bạn nhiều nhé.,Thank you very much.,
lesson_l52_5,Không có gì đâu.,It's nothing.,
lesson_l52_v2,cái kéo,scissors,
lesson_l52_v3,một lát,a moment,
lesson_l52_v5,cục sạc,charger,
lesson_l52_v10,cái bút,pen,
lesson_l52_v11,cái ô,umbrella,
lesson_l53_0,Chào bạn. Bạn đang tìm việc gì?,Hello. What job are you looking for?,
lesson_l53_1,Chào anh. Tôi đang tìm việc làm giáo viên.,Hello. I am looking for a job as a teacher.,
lesson_l53_2,Bạn có kinh nghiệm làm việc chưa?,Do you have work experience yet?,
lesson_l53_3,Rồi ạ. Tôi đã làm việc ở một trường học hai năm.,Yes. I worked at a school for two years.,
lesson_l53_4,Rất tốt. Bạn có thể bắt đầu làm việc khi nào?,Very good. When can you start working?,
lesson_l53_5,Tôi có thể bắt đầu vào tuần sau.,I can start next week.,
lesson_l53_v0,tìm việc,to look for a job,
lesson_l53_v1,kinh nghiệm,experience,
lesson_l53_v2,làm việc,to work,
lesson_l53_v5,phỏng vấn,interview,
lesson_l53_v6,nhân viên,employee,
lesson_l53_v7,việc làm,job,
lesson_l53_v9,bắt đầu,to start,
lesson_l53_v10,trường học,school,
lesson_l53_v11,tuần sau,next week,
lesson_l53_v12,công ty,company,
lesson_l54_0,"Chào em, chào mừng em đến công ty. Hôm nay em bắt đầu làm việc nhỉ?","Hello, welcome to the company. You start working today, right?",
lesson_l54_1,"Chào chị. Vâng, hôm nay em bắt đầu làm việc ạ.","Hello. Yes, today I start working.",
lesson_l54_2,Để chị hướng dẫn nhé. Em muốn hỏi gì trước?,Let me guide you. What do you want to ask first?,
lesson_l54_3,Bàn làm việc của em ở đâu ạ?,Where is my desk?,
lesson_l54_4,Bàn làm việc của em ở đây.,Your desk is here.,
lesson_l54_5,Còn nhà vệ sinh và phòng ăn ở đâu ạ?,And where are the restroom and the pantry?,
lesson_l54_6,"Ở đằng kia, cuối hành lang.","Over there, at the end of the hallway.",
lesson_l54_7,"Dạ vâng, em cảm ơn chị ạ.","Yes, thank you.",
lesson_l54_v7,hành lang,hallway,
lesson_l54_v9,chào mừng,welcome,
lesson_l54_v10,hướng dẫn,to guide,
lesson_l54_v11,bàn làm việc,desk,
lesson_l54_v13,phòng ăn,pantry,
lesson_l55_0,"Alo, sếp đây. Có chuyện gì thế em?","Hello, boss here. What's the matter?",
lesson_l55_1,Chào sếp. Hôm nay em bị ốm ạ.,Hello boss. Today I am sick.,
lesson_l55_2,Thế à? Em mệt lắm không?,Is that so? Are you very sick?,
lesson_l55_3,Em bị sốt. Em cần xin nghỉ một ngày ạ.,I have a fever. I need a day off.,
lesson_l55_4,Được rồi. Em ở nhà nghỉ ngơi đi.,Alright. Stay home and rest.,
lesson_l55_v2,bị sốt,to have a fever,
lesson_l55_v3,xin nghỉ,to ask for time off,
lesson_l55_v5,ở nhà,to stay home,
lesson_l55_v7,uống thuốc,to take medicine,
lesson_l55_v8,bị ốm,to be sick,
lesson_l55_v11,một ngày,one day,
lesson_l55_v12,được rồi,alright,
lesson_l55_v13,nghỉ ngơi,to rest,
lesson_l55_v14,đau họng,to have a sore throat,
lesson_l55_v15,có chuyện gì,what's the matter,
lesson_l56_0,"Chào chị, chị cần giúp gì ạ?","Hello, how can I help you?",
lesson_l56_1,"Chào em, chị muốn đăng ký học cho con.","Hello, I want to register my child for school.",
lesson_l56_2,"Dạ, bé mấy tuổi rồi ạ?","Yes, how old is the child?",
lesson_l56_3,Cháu năm tuổi. Cần những giấy tờ gì?,He is five years old. What documents are needed?,
lesson_l56_4,Chị cần nộp giấy khai sinh của bé ạ.,You need to submit the child's birth certificate.,
lesson_l56_v3,năm tuổi,five years old,
lesson_l56_v9,mấy tuổi,how old,
lesson_l56_v11,giấy khai sinh,birth certificate,
lesson_l56_v13,nhập học,to enroll,
lesson_l57_0,Chào chị. Mời chị ngồi.,Hello. Please sit down.,
lesson_l57_1,Chào cô. Con tôi dạo này học thế nào ạ?,Hello teacher. How is my child studying lately?,
lesson_l57_2,"Cháu học tốt, nhưng hơi chậm môn Toán.","They study well, but are a bit slow in Math.",
lesson_l57_3,Cháu có cần giúp đỡ thêm không ạ?,Do they need extra help?,
lesson_l57_4,Có ạ. Tôi sẽ giúp cháu thêm ở lớp.,Yes. I will help them more in class.,
lesson_l57_v4,môn Toán,Math,
lesson_l57_v5,giúp đỡ,to help,
lesson_l57_v6,ở lớp,in class,
lesson_l57_v7,cô giáo,female teacher,
lesson_l57_v8,dạo này,lately,
lesson_l58_0,Đồ ăn trông ngon quá.,The food looks so good.,
lesson_l58_1,Đúng vậy. Chúc bạn ngon miệng nhé!,That's right. Enjoy your meal!,
lesson_l58_2,Cảm ơn bạn. Cuối tuần này bạn làm gì?,Thank you. What are you doing this weekend?,
lesson_l58_3,Mình đi xem phim. Còn bạn thì sao?,I'm going to see a movie. How about you?,
lesson_l58_4,Mình ở nhà nghỉ ngơi thôi.,I'm just staying home to rest.,
lesson_l58_v0,đồ ăn,food,
lesson_l58_v2,chúc ngon miệng,enjoy your meal,
lesson_l58_v3,làm gì,to do what,
lesson_l58_v4,còn bạn thì sao,how about you,
lesson_l58_v8,đúng vậy,that's right,
lesson_l58_v9,cuối tuần,weekend,
lesson_l59_0,"Chào bạn, xin mời lên xe.","Hello, please get on the bus.",
lesson_l59_1,"Xin lỗi, xe buýt này có đi sân bay không?","Excuse me, does this bus go to the airport?",
lesson_l59_2,"Có, xe này đi sân bay.","Yes, this bus goes to the airport.",
lesson_l59_3,Cho tôi một vé. Bao nhiêu tiền?,Give me one ticket. How much is it?,
lesson_l59_4,Mười nghìn đồng.,Ten thousand dong.,
lesson_l59_v0,xe buýt,bus,
lesson_l59_v5,bến xe,bus station,
lesson_l59_v6,lên xe,to get on (a vehicle),
lesson_l59_v8,sân bay,airport,
lesson_l59_v10,mười nghìn,ten thousand,
lesson_l59_v13,trung tâm,center,
lesson_l59_v14,xin mời,please (inviting),
lesson_l60_0,"Chào anh, anh cần gì ạ?","Hello, what do you need?",
lesson_l60_1,Anh muốn nạp tiền Grab.,I want to top up my Grab.,
lesson_l60_2,"Dạ, anh nạp bao nhiêu ạ?","Yes, how much are you topping up?",
lesson_l60_3,Hai trăm nghìn. Quẹt thẻ được không em?,Two hundred thousand. Can I pay by card?,
lesson_l60_4,Dạ được ạ. Mời anh quẹt thẻ.,"Yes, you can. Please swipe your card.",
lesson_l60_v0,nạp tiền,to top up,
lesson_l60_v5,chuyển khoản,bank transfer,
lesson_l60_v6,số dư,balance,
lesson_l60_v7,quẹt thẻ,to swipe a card,
lesson_l61_0,"Chào bạn, đi xe ôm không?","Hello, want a motorbike taxi?",
lesson_l61_1,Vâng. Cho tôi đến chợ Đồng Xuân.,Yes. Please take me to Dong Xuan market.,
lesson_l61_2,"Được rồi, lên xe đi.","Alright, get on the bike.",
lesson_l61_3,"Anh ơi, dừng lại ở đây nhé.","Excuse me, please stop here.",
lesson_l61_4,Tới nơi rồi. Của bạn là năm mươi nghìn.,We're here. Your total is fifty thousand.,
lesson_l61_5,Gửi anh tiền. Cảm ơn anh.,Here is the money. Thank you.,
lesson_l61_v0,xe ôm,motorbike taxi,
lesson_l61_v2,dừng lại,to stop,
lesson_l61_v3,tới nơi,to arrive at the destination,
lesson_l61_v12,mũ bảo hiểm,helmet,
lesson_l62_0,"Xin chào, tiệm tóc xin nghe ạ.","Hello, hair salon here.",
lesson_l62_1,"Chào bạn, tôi muốn đặt lịch cắt tóc.","Hello, I want to book a haircut appointment.",
lesson_l62_2,Bạn muốn đến vào thứ mấy ạ?,What day of the week do you want to come?,
lesson_l62_3,Thứ Sáu tuần này có được không?,Is this Friday okay?,
lesson_l62_4,Thứ Sáu hết chỗ rồi ạ. Thứ Bảy được không?,Friday is fully booked. Is Saturday okay?,
lesson_l62_5,"Được, vậy tôi đặt thứ Bảy nhé.","Okay, then I'll book Saturday.",
lesson_l62_v0,tiệm tóc,hair salon,
lesson_l62_v1,cắt tóc,to cut hair,
lesson_l62_v2,tuần này,this week,
lesson_l62_v7,đặt lịch,to book an appointment,
lesson_l62_v8,thứ mấy,what day of the week,
lesson_l62_v9,hết chỗ,fully booked,
lesson_t1_0,"Chào anh, quán mình có nhiều món nướng lắm ạ. Anh muốn ăn gì ạ?","Hello, our restaurant has lots of grilled dishes. What would you like to eat?",
lesson_t1_1,Cho tôi một phần bò nướng và một phần tôm nướng nhé.,Give me one order of grilled beef and one order of grilled shrimp.,
lesson_t1_2,Dạ được. Anh có muốn uống bia không ạ?,Sure. Would you like to drink beer?,
lesson_t1_3,"Có, cho tôi một chai bia nữa.","Yes, give me a bottle of beer too.",
lesson_t2_0,"Chào chị, chị muốn uống gì ạ?","Hello, what would you like to drink?",
lesson_t2_1,Cho tôi một ly cà phê sữa đá nhé.,Give me a glass of iced milk coffee.,
lesson_t2_2,"Dạ, chị có muốn thêm đường không ạ?","Sure, would you like extra sugar?",
lesson_t2_3,"Không, cảm ơn. Vậy đủ rồi.","No, thank you. That's enough.",
lesson_t3_0,"Chị ơi, bánh mì nóng nè, chị mua không?","Hey, hot bánh mì here, would you like to buy some?",
lesson_t3_1,"Dạ có, cho em một ổ bánh mì thịt nhé.","Yes, give me one bánh mì with meat.",
lesson_t3_2,Em có ăn cay không?,Do you eat spicy food?,
lesson_t3_3,"Dạ có, cho em nhiều ớt một chút.","Yes, give me a bit more chili.",
lesson_t3_v2,ổ,loaf (classifier for bread),
lesson_t4_0,"Alo, tôi muốn đặt bàn cho tối nay ạ.","Hello, I'd like to reserve a table for tonight.",
lesson_t4_1,"Dạ được, anh muốn đặt cho mấy giờ ạ?","Sure, what time would you like to reserve for?",
lesson_t4_2,"Cho tôi bàn lúc bảy giờ, khoảng bốn người.","A table at seven o'clock, about four people.",
lesson_t4_3,"Dạ, em đã đặt bàn cho anh rồi ạ.","Okay, I've reserved the table for you.",
lesson_t4_v0,đặt bàn,to reserve a table,
lesson_t4_v1,tối nay,tonight,
lesson_t5_0,Anh đã biết ăn món gì chưa ạ?,Have you decided what to eat yet?,
lesson_t5_1,"Chưa, quán mình có món gì ngon không?","Not yet, does this restaurant have anything delicious?",
lesson_t5_2,"Dạ, phở bò ở đây rất nổi tiếng, anh nên thử.","Yes, the beef pho here is very famous, you should try it.",
lesson_t5_3,Vậy cho tôi một tô phở bò nhé.,Then give me a bowl of beef pho.,
lesson_t5_v0,món ngon,delicious dish,
lesson_t5_v1,nổi tiếng,famous,
lesson_t6_0,"Chào bạn, bạn muốn ăn gì?","Hi, what do you want to eat?",
lesson_t6_1,"Mình bị dị ứng với hải sản, bạn có món nào không có hải sản không?","I'm allergic to seafood, do you have any dish without seafood?",
lesson_t6_2,"Dạ có, mình có món chay và món gà ạ.","Yes, we have vegetarian dishes and chicken dishes.",
lesson_t6_3,"Vậy cho mình một phần gà nhé, cảm ơn bạn.","Then give me one order of chicken, thank you.",
lesson_t6_v2,món chay,vegetarian dish,
lesson_t6_v6,món ăn,dish / food,
lesson_t6_v7,kiêng,to avoid (a food),
lesson_t7_0,"Chào bạn, bạn đi đâu vậy?","Hi, where are you going?",
lesson_t7_1,Mình đi đến chợ để mua rau.,I'm going to the market to buy vegetables.,
lesson_t7_2,"Vậy à, mình cũng đang đi chợ nè, đi chung không?","Oh really, I'm also going to the market, want to go together?",
lesson_t7_3,"Được, đi chung cho vui!","Sure, let's go together for fun!",
lesson_t7_v0,đi đâu,where are you going,
lesson_t7_v4,đi chung,to go together,
lesson_t8_0,Bạn thích ăn món gì nhất?,What dish do you like to eat the most?,
lesson_t8_1,"Mình thích ăn phở, còn bạn thích gì?","I like eating pho, and what do you like?",
lesson_t8_2,Mình thích uống cà phê sữa đá lắm.,I really like drinking iced milk coffee.,
lesson_t8_3,"Ồ, mình cũng thích cà phê nữa!","Oh, I also like coffee too!",
lesson_t9_0,"Chào cô, cô bán trà gì ạ?","Hello ma'am, what tea do you sell?",
lesson_t9_1,"Cô có trà đá, trà chanh với trà sữa nè con.","I have iced tea, lemon tea, and milk tea, dear.",
lesson_t9_2,"Cho con một ly trà chanh, bao nhiêu tiền vậy cô?","Give me one cup of lemon tea, how much is it?",
lesson_t9_3,Mười lăm ngàn con nhé.,"Fifteen thousand dong, dear.",
lesson_t9_v2,trà chanh,lemon tea,
lesson_t9_v3,trà sữa,milk tea,
lesson_t10_0,"Xin chào, tôi tên là Minh. Còn bạn tên gì?","Hello, my name is Minh. And what's your name?",
lesson_t10_1,"Chào Minh, tôi tên là Lan. Rất vui được gặp bạn.","Hi Minh, my name is Lan. Very nice to meet you.",
lesson_t10_2,Bạn đến từ đâu vậy?,Where are you from?,
lesson_t10_3,"Tôi đến từ Hà Nội, còn bạn?","I'm from Hanoi, and you?",
lesson_t10_v1,rất vui được gặp bạn,nice to meet you,
lesson_t10_v4,giới thiệu,to introduce,
lesson_t11_0,"Em ơi, cho anh tính tiền nha.","Excuse me, can I get the bill please.",
lesson_t11_1,"Dạ được ạ, anh chờ em một chút.","Sure, please wait a moment.",
lesson_t11_2,Tổng cộng bao nhiêu tiền vậy em?,How much is the total?,
lesson_t11_3,"Dạ, tổng cộng là ba trăm nghìn đồng ạ.",The total is three hundred thousand dong.,
lesson_t11_v7,trăm nghìn,hundred thousand,
lesson_t12_1,Mình tên là Lan. Còn bạn?,My name is Lan. And you?,
lesson_t12_2,Mình là Minh. Mình là người Mỹ.,I am Minh. I am American.,
lesson_t12_3,Rất vui được gặp bạn.,Very nice to meet you.,
lesson_t13_0,"Chào anh chị, mình có đặt bàn trước không ạ?","Hello, do you have a table reservation?",
lesson_t13_1,"Dạ không, tụi em muốn ngồi bàn cho hai người.","No, we would like a table for two.",
lesson_t13_2,"Dạ được, anh chị muốn ngồi trong nhà hay ngoài trời ạ?","Sure, would you like to sit inside or outside?",
lesson_t13_3,"Cho tụi em ngồi ngoài trời nha, gần cửa sổ.","Let us sit outside, near the window please.",
lesson_t13_v3,trong nhà,inside,
lesson_t13_v4,ngoài trời,outside / outdoors,
lesson_t13_v5,cửa sổ,window,
lesson_t13_v7,hai người,two people,
lesson_t14_0,Tháng sau bạn có đi du lịch không?,Are you traveling next month?,
lesson_t14_1,"Có, mình sẽ đi Đà Nẵng với gia đình.","Yes, I will go to Da Nang with my family.",
lesson_t14_2,Bạn sẽ đi mấy ngày?,How many days will you go for?,
lesson_t14_3,Mình sẽ đi khoảng năm ngày.,I will go for about five days.,
lesson_t14_v0,du lịch,to travel / travel,
lesson_t14_v1,tháng sau,next month,
lesson_t14_v2,gia đình,family,
lesson_t14_v7,chuyến đi,trip,
lesson_t15_0,Cuối tuần này bạn định làm gì?,What are you planning to do this weekend?,
lesson_t15_1,Mình định đi xem phim với bạn bè.,I'm planning to go watch a movie with friends.,
lesson_t15_2,"Nghe hay đó, mấy giờ bạn đi?","Sounds fun, what time are you going?",
lesson_t15_3,"Khoảng bảy giờ tối, bạn muốn đi cùng không?","Around seven in the evening, do you want to come along?",
lesson_t15_v3,bạn bè,friends,
lesson_t15_v6,đi cùng,to go along / go together,
lesson_t16_0,"Xin lỗi, cho tôi hỏi đường đến chợ Bến Thành đi thế nào ạ?","Excuse me, could you tell me how to get to Ben Thanh Market?",
lesson_t16_1,"Dạ, anh đi thẳng đường này, đến ngã tư thì rẽ trái.","Sure, go straight down this street, and turn left at the intersection.",
lesson_t16_2,Rẽ trái rồi đi bao xa nữa ạ?,"After turning left, how much farther do I go?",
lesson_t16_3,Đi khoảng năm trăm mét là tới nơi.,Go about five hundred meters and you'll arrive.,
lesson_t16_v4,ngã tư,intersection,
lesson_t17_0,Tại sao bạn học tiếng Việt vậy?,Why are you learning Vietnamese?,
lesson_t17_1,Vì mình muốn nói chuyện với bạn bè người Việt.,Because I want to talk with Vietnamese friends.,
lesson_t17_2,Còn mình thì học vì mình thích văn hóa Việt Nam.,"As for me, I'm learning because I like Vietnamese culture.",
lesson_t17_3,Học tiếng Việt khó nhưng rất thú vị.,Learning Vietnamese is hard but very interesting.,
lesson_t17_v0,tại sao,why,
lesson_t17_v4,văn hóa,culture,
lesson_t17_v6,thú vị,interesting,
lesson_t17_v7,nói chuyện,to talk / converse,
lesson_t18_1,Mình thích ăn phở nhất. Còn bạn?,I like pho the most. What about you?,
lesson_t18_2,Mình thích bún chả và gỏi cuốn.,I like bun cha and spring rolls.,
lesson_t18_3,"Nghe ngon quá, mai đi ăn chung nhé!","That sounds delicious, let's go eat together tomorrow!",
lesson_t18_v3,gỏi cuốn,fresh spring rolls,
lesson_t18_v7,ăn chung,to eat together,
lesson_t19_0,Gia đình bạn có mấy người?,How many people are in your family?,
lesson_t19_1,"Gia đình mình có bốn người: bố mẹ, mình và em gái.","My family has four people: mom, dad, me, and my younger sister.",
lesson_t19_2,Bạn có anh chị em nào khác không?,Do you have any other siblings?,
lesson_t19_3,"Không, mình chỉ có một em gái thôi.","No, I only have one younger sister.",
lesson_t19_v3,anh chị em,siblings,
lesson_t19_v4,em gái,younger sister,
lesson_t19_v5,anh trai,older brother,
lesson_t19_v7,mấy người,how many people,
lesson_t20_1,Cho tôi một ly cà phê sữa đá.,Give me an iced milk coffee.,
lesson_t20_2,"Dạ, chị có muốn ăn thêm bánh ngọt không?",Would you also like to eat a pastry?,
lesson_t20_3,"Có, cho tôi một cái bánh croissant nữa nhé.","Yes, give me a croissant too.",
lesson_t21_1,Mình thích đọc sách và nghe nhạc. Còn bạn?,I like reading books and listening to music. And you?,
lesson_t21_2,"Mình thích chơi thể thao, nhất là đá bóng.","I like playing sports, especially soccer.",
lesson_t21_3,Nghe hay đó! Khi nào rảnh mình đi chơi cùng nhé.,That sounds fun! Let's hang out together sometime when we're free.,
lesson_t21_v3,đọc sách,to read books,
lesson_t21_v4,nghe nhạc,to listen to music,
lesson_t21_v5,chơi thể thao,to play sports,
lesson_t21_v6,đá bóng,soccer / football,
lesson_t21_v7,sở thích,hobby,
lesson_t22_0,Hôm nay thời tiết thế nào?,How is the weather today?,
lesson_t22_1,Trời nắng nhưng hơi nóng. Chiều nay có thể mưa.,It's sunny but a bit hot. It might rain this afternoon.,
lesson_t22_2,Mùa này ở đây mưa nhiều lắm phải không?,"It rains a lot here this season, doesn't it?",
lesson_t22_3,"Đúng rồi, mùa mưa thường kéo dài đến tháng mười.","That's right, the rainy season usually lasts until October.",
lesson_t22_v0,thời tiết,weather,
lesson_t22_v1,trời nắng,sunny,
lesson_t22_v7,mùa mưa,rainy season,
lesson_t23_0,"Xin lỗi, bạn có thể giúp mình một chút được không?","Excuse me, could you help me for a moment?",
lesson_t23_1,"Được chứ, bạn cần gì?","Sure, what do you need?",
lesson_t23_2,"Mình bị lạc đường, bạn biết bưu điện ở đâu không?","I'm lost, do you know where the post office is?",
lesson_t23_3,"Biết chứ, đi thẳng rồi rẽ trái là tới.","Sure, go straight then turn left and you'll get there.",
lesson_t23_v4,bị lạc đường,to be lost,
lesson_t24_0,"Chị ơi, cái áo này có size lớn hơn không?","Excuse me, does this shirt come in a bigger size?",
lesson_t24_1,"Dạ có, anh muốn màu gì ạ?","Yes, what color would you like?",
lesson_t24_2,"Cho mình màu xanh, mình cũng muốn thử luôn.","Give me the blue one, I'd also like to try it on.",
lesson_t24_3,"Dạ được, phòng thử đồ ở phía sau ạ.","Sure, the fitting room is in the back.",
lesson_t24_v1,size,size,
lesson_t25_0,"Alo, mình muốn đặt lịch hẹn khám bệnh vào thứ Sáu được không?","Hello, I'd like to schedule a doctor's appointment for Friday, is that possible?",
lesson_t25_1,"Dạ được, anh muốn hẹn lúc mấy giờ ạ?","Yes, what time would you like the appointment?",
lesson_t25_2,Khoảng chín giờ sáng được không?,Would around 9am work?,
lesson_t25_3,"Dạ được, hẹn gặp anh vào chín giờ sáng thứ Sáu nhé.","Sure, see you at 9am on Friday.",
lesson_t25_v0,đặt lịch hẹn,to make an appointment,
lesson_t25_v3,lúc mấy giờ,at what time,
lesson_t25_v6,hẹn gặp,to meet up / appointment,
lesson_t26_0,Nhà bạn ở đâu vậy?,Where is your house?,
lesson_t26_1,Nhà mình ở gần trung tâm thành phố.,My house is near the city center.,
lesson_t26_2,Nhà bạn có mấy phòng ngủ?,How many bedrooms does your house have?,
lesson_t26_3,Nhà mình có ba phòng ngủ và một phòng khách rộng.,My house has three bedrooms and a spacious living room.,
lesson_t26_v1,phòng ngủ,bedroom,
lesson_t26_v2,phòng khách,living room,
lesson_t26_v4,trung tâm thành phố,city center,
lesson_t27_0,Bạn làm nghề gì vậy?,What do you do for work?,
lesson_t27_1,"Mình là kỹ sư, làm việc ở một công ty phần mềm.","I'm an engineer, I work at a software company.",
lesson_t27_2,Công việc của bạn có bận không?,Is your job busy?,
lesson_t27_3,"Bận lắm, mình thường làm việc đến bảy giờ tối.","Very busy, I usually work until seven in the evening.",
lesson_t27_v1,kỹ sư,engineer,
lesson_t27_v3,phần mềm,software,
lesson_t27_v4,công việc,work / job,
lesson_t27_v7,đồng nghiệp,colleague,
lesson_t28_0,"Xin lỗi, xe buýt số mười đi đâu vậy?","Excuse me, where does bus number ten go?",
lesson_t28_1,Xe này đi đến trung tâm thành phố.,This bus goes to the city center.,
lesson_t28_2,Vé xe buýt giá bao nhiêu vậy?,How much is a bus ticket?,
lesson_t28_3,"Dạ, bảy ngàn đồng một vé thôi ạ.",It's just seven thousand dong per ticket.,
lesson_t28_v5,xuống xe,to get off (a vehicle),
lesson_t29_0,"Chào bác sĩ, tôi bị đau đầu và ho mấy ngày nay.","Hello doctor, I've had a headache and cough for a few days.",
lesson_t29_1,Chị có bị sốt không?,Do you have a fever?,
lesson_t29_2,"Dạ có, tôi bị sốt nhẹ từ hôm qua.","Yes, I've had a mild fever since yesterday.",
lesson_t29_3,"Chị nên uống nhiều nước và nghỉ ngơi, tôi sẽ kê thuốc cho chị.","You should drink lots of water and rest, I'll prescribe you some medicine.",
lesson_t29_v7,triệu chứng,symptom,
lesson_t30_0,"Bạn có vẻ buồn quá, có chuyện gì vậy?","You seem really sad, what's going on?",
lesson_t30_1,Mình vừa mất việc làm tuần trước.,I just lost my job last week.,
lesson_t30_2,"Ồ, mình rất tiếc khi nghe vậy. Bạn ổn không?","Oh, I'm really sorry to hear that. Are you okay?",
lesson_t30_3,"Cảm ơn bạn đã quan tâm, mình sẽ ổn thôi.","Thanks for caring, I'll be okay.",
lesson_t30_v2,quan tâm,to care / be concerned,
lesson_t30_v3,mất việc,to lose a job,
lesson_t30_v4,an ủi,to comfort,
lesson_t31_0,"Chào chị, em muốn hỏi thuê phòng còn trống không ạ?","Hello, I'd like to ask if you have a room available to rent.",
lesson_t31_1,"Dạ còn, em muốn thuê phòng một người hay hai người?","Yes, we do. Do you want a room for one person or two people?",
lesson_t31_2,"Dạ một người thôi, giá bao nhiêu một tháng ạ?",Just one person. How much is it per month?,
lesson_t31_3,"Năm triệu một tháng, đã có nước và điện rồi ạ.","Five million per month, water and electricity are already included.",
lesson_t31_v2,còn trống,available / vacant,
lesson_t31_v7,đặt phòng,to book a room,
lesson_t32_0,"Chào chị, em muốn gửi bưu kiện này đi Hà Nội ạ.","Hello, I'd like to send this package to Hanoi.",
lesson_t32_1,"Dạ, chị muốn gửi nhanh hay gửi thường?",Would you like express or regular shipping?,
lesson_t32_2,"Cho em gửi nhanh, mất mấy ngày ạ?","Express shipping please, how many days will it take?",
lesson_t32_3,"Dạ khoảng hai ngày, tổng cộng năm mươi nghìn đồng ạ.","About two days, the total is fifty thousand dong.",
lesson_t32_v3,tem,stamp,
lesson_t33_0,"Chào anh, em muốn mở tài khoản ngân hàng ạ.","Hello, I'd like to open a bank account.",
lesson_t33_1,"Dạ được, anh chị cho em xem chứng minh thư nhé.","Sure, could you show me your ID please.",
lesson_t33_2,"Dạ đây, em cũng muốn gửi tiền vào tài khoản luôn.",Here you go. I'd also like to deposit money into the account right away.,
lesson_t33_3,"Dạ, anh muốn gửi bao nhiêu tiền ạ?","Sure, how much money would you like to deposit?",
lesson_t33_v2,mở tài khoản,to open an account,
lesson_t33_v3,gửi tiền,to deposit money,
lesson_t33_v4,rút tiền,to withdraw money,
lesson_t33_v5,chứng minh thư,ID card,
lesson_t34_0,"Chào anh, hôm nay anh muốn cắt tóc kiểu gì ạ?","Hello, what style would you like your hair cut today?",
lesson_t34_1,"Cắt ngắn giúp em, hai bên với sau gáy nhé.","Cut it short please, the sides and the back of the neck.",
lesson_t34_2,"Dạ, anh có muốn gội đầu trước không?","Sure, would you like to wash your hair first?",
lesson_t34_3,"Dạ có, cảm ơn chị nhiều.","Yes please, thank you very much.",
lesson_t34_v4,gội đầu,to wash hair,
lesson_t34_v5,hai bên,the two sides,
lesson_t34_v6,sau gáy,back of the neck,
lesson_t34_v7,tiệm cắt tóc,hair salon,
lesson_t35_0,"Cho em hỏi, sữa tươi ở khu nào ạ?","Excuse me, which aisle is the fresh milk in?",
lesson_t35_1,"Dạ, sữa tươi ở khu bên kia, gần quầy rau.","The fresh milk is over there, near the vegetable section.",
lesson_t35_2,"Cảm ơn chị, cho em thanh toán luôn nhé.","Thank you, I'd like to check out now please.",
lesson_t35_3,"Dạ, tất cả là một trăm hai mươi nghìn đồng ạ.","Sure, that's a total of one hundred twenty thousand dong.",
lesson_t35_v0,siêu thị,supermarket,
lesson_t35_v1,sữa tươi,fresh milk,
lesson_t35_v6,giỏ hàng,shopping basket,
lesson_t36_0,"Chị ơi, rau muống này bao nhiêu một bó?","Ma'am, how much is this water spinach per bunch?",
lesson_t36_1,"Mười lăm nghìn một bó em ơi, rau mới hái sáng nay đó.","Fifteen thousand a bunch, it was just picked this morning.",
lesson_t36_2,"Dạ, cho em hai bó với một ký cà chua nha.","Okay, give me two bunches and one kilo of tomatoes please.",
lesson_t36_3,"Được rồi, tất cả là năm mươi nghìn, em gửi tiền giúp chị nhé.","Alright, that's fifty thousand total, please hand me the money.",
lesson_t36_v0,rau muống,water spinach,
lesson_t36_v2,cà chua,tomato,
lesson_t36_v6,người bán,vendor / seller,
lesson_t36_v7,trả giá,to bargain / haggle,
lesson_t37_0,"Chào chị, em muốn đổi cái áo này vì nó bị rách.","Hello, I'd like to exchange this shirt because it's torn.",
lesson_t37_1,"Dạ, anh có giữ hóa đơn không ạ?",Do you still have the receipt?,
lesson_t37_2,"Dạ có, đây ạ. Em mua hôm qua.","Yes, here it is. I bought it yesterday.",
lesson_t37_3,"Được rồi ạ, để em đổi cho anh cái mới ngay.","Alright, let me exchange it for a new one right away.",
lesson_t37_v3,bị rách,to be torn,
lesson_t37_v6,bảo hành,warranty,
lesson_t38_0,"Chào chị, dạo này chị khỏe không?","Hi, how have you been lately?",
lesson_t38_1,"Khỏe, cảm ơn em. Còn em, đi làm về sớm vậy?","I'm well, thanks. And you, home from work early?",
lesson_t38_2,"Dạ, hôm nay công ty cho về sớm. Chị đang nấu gì mà thơm quá vậy?","Yeah, work let us go home early today. What are you cooking, it smells so good?",
lesson_t38_3,"Chị đang nấu canh chua, lát nữa qua ăn cùng cho vui nhé.","I'm making sour soup, come over and eat with us later, it'll be fun.",
lesson_t38_v2,hàng xóm,neighbor,
lesson_t38_v3,nấu ăn,to cook,
lesson_t38_v5,canh chua,sour soup,
lesson_t38_v6,đi làm về,to come home from work,
lesson_t38_v7,lát nữa,in a little while,
lesson_t39_0,"Chào bạn, mình là Lan, bạn là bạn của ai vậy?","Hi, I'm Lan, who's friend are you here with?",
lesson_t39_1,"Mình là Minh, bạn cùng lớp với Hùng. Ở đây vui quá ha.","I'm Minh, Hung's classmate. It's so fun here, huh.",
lesson_t39_2,"Ừ, đồ ăn cũng ngon nữa. Bạn muốn uống gì không?","Yeah, and the food is delicious too. Do you want something to drink?",
lesson_t39_3,"Cho mình một ly nước cam, cảm ơn bạn nha.","Give me a glass of orange juice, thanks.",
lesson_t39_v1,bạn cùng lớp,classmate,
lesson_t39_v2,làm quen,to get acquainted,
lesson_t39_v6,nước cam,orange juice,
lesson_t40_0,Áo dài của chị đẹp quá!,Your áo dài is so beautiful!,
lesson_t40_1,"Cảm ơn em, chị mới mua tuần trước đó.","Thank you, I just bought it last week.",
lesson_t40_2,Màu này hợp với chị lắm luôn.,This color really suits you.,
lesson_t40_3,"Em quá khen rồi, cảm ơn em nhiều nha.","You're too kind, thank you so much.",
lesson_t40_v4,áo dài,traditional Vietnamese dress,
lesson_t40_v6,dễ thương,cute / lovely,
lesson_t40_v7,quá khen,to over-praise / be too kind,
lesson_t41_0,"Xin lỗi, mình đến trễ quá.","Sorry, I'm really late.",
lesson_t41_1,"Không sao đâu, mình mới tới thôi.","It's totally fine, I just got here myself.",
lesson_t41_2,Mình xin lỗi vì đã làm bạn phải chờ lâu.,I'm sorry for making you wait so long.,
lesson_t41_3,"Đừng lo, lần sau nhớ đi sớm hơn nhé.","Don't worry, just remember to leave earlier next time.",
lesson_t41_v4,lần sau,next time,
lesson_t41_v7,làm phiền,to bother / trouble,
lesson_t42_0,Cuối tuần này bạn có rảnh không?,Are you free this weekend?,
lesson_t42_1,"Có, mình rảnh. Có chuyện gì vậy?","Yes, I'm free. What's up?",
lesson_t42_2,Mình muốn mời bạn đi xem phim với mình.,I want to invite you to watch a movie with me.,
lesson_t42_3,Nghe hay đó! Mấy giờ mình gặp nhau?,That sounds great! What time should we meet?,
lesson_t42_v5,đi chơi,to go out / hang out,
lesson_t42_v6,tham gia,to join / participate,
lesson_t43_0,Bạn đang viết gì vậy?,What are you writing?,
lesson_t43_1,Mình đang viết bưu thiếp gửi cho gia đình ở Việt Nam.,I'm writing a postcard to send to my family in Vietnam.,
lesson_t43_2,Bạn viết gì trong đó?,What did you write in it?,
lesson_t43_3,"Mình viết ""Con nhớ mọi người nhiều lắm, mong sớm được về thăm nhà.""","I wrote, ""I miss everyone so much, I hope to come home and visit soon.""",
lesson_t43_v0,bưu thiếp,postcard,
lesson_t44_0,Dạo này bạn có xem phim gì hay không?,Have you watched any good movies lately?,
lesson_t44_1,"Có, mình mới xem một bộ phim Hàn rất cảm động.","Yes, I just watched a really touching Korean movie.",
lesson_t44_2,Phim đó tên gì vậy?,What's that movie called?,
lesson_t44_3,"Mình quên tên rồi, nhưng diễn viên đóng rất hay.","I forgot the name, but the actors performed really well.",
lesson_t44_v2,bộ phim,a movie (with classifier),
lesson_t44_v3,diễn viên,actor / actress,
lesson_t44_v4,cảm động,touching / moving,
lesson_t44_v5,hài hước,funny / humorous,
lesson_t44_v6,tập phim,episode,
lesson_t44_v7,chương trình,program / show,
lesson_t45_0,Bạn đang đọc cuốn sách gì vậy?,What book are you reading?,
lesson_t45_1,Mình đang đọc một cuốn tiểu thuyết rất thú vị.,I'm reading a really interesting novel.,
lesson_t45_2,Sách đó nói về chuyện gì?,What's that book about?,
lesson_t45_3,Nó kể về cuộc sống của một cô gái trẻ ở Hà Nội.,It's about the life of a young woman in Hanoi.,
lesson_t45_v3,tiểu thuyết,novel,
lesson_t45_v5,tác giả,author,
lesson_t45_v7,bài báo,article,
lesson_t46_0,"Chào bạn, tối nay bạn có muốn đi tập gym không?","Hey, do you want to go to the gym tonight?",
lesson_t46_1,"Có chứ! Mình muốn tập chạy bộ trước, rồi tập tạ.","Of course! I want to jog first, then lift weights.",
lesson_t46_2,Bạn thích chơi thể thao gì nhất?,What sport do you like to play the most?,
lesson_t46_3,"Mình thích đá bóng, nhưng dạo này mình tập yoga nhiều hơn.","I like soccer, but lately I've been doing more yoga.",
lesson_t46_v0,tập gym,to work out at the gym,
lesson_t46_v1,chạy bộ,to jog / run,
lesson_t46_v2,tập tạ,to lift weights,
lesson_t46_v3,thể thao,sports,
lesson_t46_v5,yoga,yoga,
lesson_t46_v7,tập thể dục,to exercise,
lesson_t47_0,Ước mơ của bạn trong tương lai là gì?,What is your dream for the future?,
lesson_t47_1,Mình muốn trở thành một bác sĩ giỏi.,I want to become a good doctor.,
lesson_t47_2,Bạn sẽ làm gì để đạt được ước mơ đó?,What will you do to achieve that dream?,
lesson_t47_3,Mình sẽ học chăm chỉ và không bao giờ bỏ cuộc.,I will study hard and never give up.,
lesson_t47_v0,ước mơ,dream,
lesson_t47_v1,tương lai,future,
lesson_t47_v2,trở thành,to become,
lesson_t47_v4,đạt được,to achieve,
lesson_t47_v5,mục tiêu,goal,
lesson_t47_v6,chăm chỉ,hardworking / diligent,
lesson_t47_v7,bỏ cuộc,to give up,
lesson_t48_0,Hôm nay của bạn thế nào?,How was your day today?,
lesson_t48_1,"Hôm nay mình khá bận, nhưng mình cảm thấy vui vì hoàn thành được nhiều việc.","Today I was quite busy, but I feel happy because I finished a lot of things.",
lesson_t48_2,Bạn đã làm những gì vậy?,What did you do exactly?,
lesson_t48_3,"Mình đi làm, tập thể dục, rồi viết nhật ký trước khi đi ngủ.","I went to work, exercised, then wrote in my journal before going to sleep.",
lesson_t48_v2,cảm thấy,to feel,
lesson_t48_v3,hoàn thành,to complete / finish,
lesson_t48_v4,nhật ký,diary / journal,
lesson_t49_0,Bạn đang viết thư cho gia đình à?,Are you writing a letter to your family?,
lesson_t49_1,"Ừ, mình muốn báo tin mình vừa tìm được việc làm mới.","Yeah, I want to share the news that I just found a new job.",
lesson_t49_2,Vậy bạn nên hỏi thăm sức khỏe của bố mẹ nữa.,Then you should also ask about your parents' health.,
lesson_t49_3,"Đúng rồi, mình sẽ hỏi thăm và gửi lời chúc sức khỏe cho cả nhà.","Right, I'll ask about them and send health wishes to the whole family.",
lesson_t49_v0,viết thư,to write a letter,
lesson_t49_v2,báo tin,to give news,
lesson_t49_v4,hỏi thăm,to ask after / check on,
lesson_t49_v5,sức khỏe,health,
lesson_t49_v6,bố mẹ,parents,
lesson_t49_v7,gửi lời chúc,to send wishes,
lesson_t50_0,Nghe nói bạn vừa đạt được một thành tích lớn phải không?,"I heard you just achieved a big accomplishment, right?",
lesson_t50_1,"Đúng vậy, mình vừa hoàn thành cuộc thi marathon đầu tiên của mình.","That's right, I just finished my first marathon race.",
lesson_t50_2,Chúc mừng bạn! Bạn cảm thấy thế nào?,Congratulations! How do you feel?,
lesson_t50_3,Mình rất tự hào vì đã cố gắng hết mình.,I'm very proud because I gave it my all.,
lesson_t50_v0,thành tích,achievement,
lesson_t50_v2,cuộc thi,competition / race,
lesson_t50_v4,tự hào,proud,
lesson_t50_v5,cố gắng,to try hard,
lesson_t50_v6,chúc mừng,congratulations,
lesson_t50_v7,thành công,success,
lesson_t51_0,"Ở Việt Nam, khi vào nhà người khác mình phải làm gì trước?","In Vietnam, what do you have to do first when entering someone else's house?",
lesson_t51_1,Mình phải cởi giày trước khi vào nhà.,You have to take off your shoes before entering the house.,
lesson_t51_2,Còn khi ăn cơm với người lớn tuổi thì sao?,What about when eating with older people?,
lesson_t51_3,Mình nên mời người lớn tuổi ăn cơm trước để tỏ sự tôn trọng.,You should invite the elders to eat first to show respect.,
lesson_t51_v0,phong tục,custom,
lesson_t51_v1,cởi giày,to take off shoes,
lesson_t51_v2,người lớn tuổi,elderly person,
lesson_t51_v3,tôn trọng,to respect,
lesson_t51_v7,lịch sự,polite,
lesson_t52_0,Dạo này không khí ở thành phố ô nhiễm quá.,The air in the city has been so polluted lately.,
lesson_t52_1,"Ừ, mình nghĩ nên đi xe đạp thay vì đi xe máy.","Yeah, I think we should ride bikes instead of motorbikes.",
lesson_t52_2,Bạn có phân loại rác không?,Do you sort your trash?,
lesson_t52_3,"Có chứ, mình luôn tái chế nhựa và giấy.","Of course, I always recycle plastic and paper.",
lesson_t52_v0,ô nhiễm,pollution / polluted,
lesson_t52_v1,không khí,air,
lesson_t52_v2,môi trường,environment,
lesson_t52_v3,tái chế,to recycle,
lesson_t52_v5,phân loại,to sort / classify,
lesson_t52_v7,xe đạp,bicycle,
lesson_t53_0,"Xin lỗi, tôi bị mất cái ví ở đây sáng nay.","Excuse me, I lost my wallet here this morning.",
lesson_t53_1,Anh có nhớ để nó ở đâu không?,Do you remember where you left it?,
lesson_t53_2,Hình như tôi để quên trên bàn ăn.,I think I left it on the dining table.,
lesson_t53_3,"Để tôi kiểm tra, có người vừa nộp lại một cái ví giống vậy.","Let me check, someone just turned in a wallet like that.",
lesson_t53_v1,tìm thấy,to find,
lesson_t53_v3,để quên,to leave behind / forget,
lesson_t53_v4,nộp lại,to turn in / hand over,
lesson_t53_v5,kiểm tra,to check,
lesson_t53_v6,đồ thất lạc,lost item,
lesson_t54_0,Bạn nấu phở như thế nào vậy?,How do you cook phở?,
lesson_t54_1,"Đầu tiên, mình hầm xương bò trong vài giờ để lấy nước dùng.","First, I simmer beef bones for several hours to get the broth.",
lesson_t54_2,Sau đó thì sao?,What comes after that?,
lesson_t54_3,"Sau đó mình cho bánh phở, thịt bò và rau thơm vào tô rồi chan nước dùng lên.","After that I put rice noodles, beef, and herbs into the bowl, then pour the broth over.",
lesson_t54_v1,nước dùng,broth,
lesson_t54_v3,gia vị,spices / seasoning,
lesson_t54_v4,bánh phở,rice noodles,
lesson_t54_v5,rau thơm,herbs,
lesson_t54_v6,công thức,recipe,
lesson_t54_v7,cho vào,to add / put in,
lesson_t55_0,Hồi nhỏ bạn thích chơi gì nhất?,What did you like to play most when you were little?,
lesson_t55_1,Mình hay trèo cây và bắt cá với mấy đứa bạn hàng xóm.,I often climbed trees and caught fish with my neighborhood friends.,
lesson_t55_2,Nghe vui quá! Bạn có kỷ niệm nào đáng nhớ không?,Sounds fun! Do you have any memorable memory?,
lesson_t55_3,"Có, một lần mình bị té xuống ao và ướt hết cả người, ai cũng cười.","Yes, once I fell into a pond and got completely soaked, everyone laughed.",
lesson_t55_v0,hồi nhỏ,when young / in childhood,
lesson_t55_v1,kỷ niệm,memory,
lesson_t55_v2,trèo cây,to climb a tree,
lesson_t55_v3,bạn hàng xóm,neighborhood friend,
lesson_t55_v5,ao,pond,
lesson_t55_v6,đáng nhớ,memorable,
lesson_t55_v7,tuổi thơ,childhood,
lesson_t56_0,"Dạ, tổng đài kỹ thuật xin nghe. Anh gặp vấn đề gì ạ?","Hello, technical support speaking. What problem are you having?",
lesson_t56_1,Wifi nhà tôi bị mất mạng từ sáng nay rồi.,My home wifi has been down since this morning.,
lesson_t56_2,Anh đã thử tắt rồi mở lại modem chưa ạ?,Have you tried turning the modem off and back on?,
lesson_t56_3,"Rồi, nhưng vẫn không được. Chừng nào mới sửa xong?","Yes, but it still doesn't work. When will it be fixed?",
lesson_t56_v1,wifi,wifi,
lesson_t56_v2,modem,modem / router,
lesson_t56_v3,vấn đề,problem,
lesson_t56_v7,tổng đài,call center / hotline,
lesson_t57_0,"Chào chị, chị muốn nhận nuôi con vật nào ạ?","Hello, which animal would you like to adopt?",
lesson_t57_1,Tôi thích con mèo nhỏ màu trắng kia.,I like that small white cat over there.,
lesson_t57_2,"Con đó rất hiền, đã tiêm phòng đầy đủ rồi ạ.","That one is very gentle, and has already been fully vaccinated.",
lesson_t57_3,Vậy tôi cần làm thủ tục gì để nhận nuôi nó?,So what procedure do I need to complete to adopt it?,
lesson_t57_v0,nhận nuôi,to adopt (a pet),
lesson_t57_v1,con vật,animal,
lesson_t57_v4,tiêm phòng,to vaccinate,
lesson_t57_v6,thủ tục,procedure / paperwork,
lesson_t57_v7,trại cứu hộ,animal shelter,
lesson_t58_0,"Chào bạn, bạn hãy giới thiệu một chút về bản thân.","Hello, please introduce yourself a little.",
lesson_t58_1,"Dạ, tôi tên Lan, tôi có ba năm kinh nghiệm làm marketing.","Yes, my name is Lan, I have three years of experience in marketing.",
lesson_t58_2,Tại sao bạn muốn làm việc ở công ty chúng tôi?,Why do you want to work at our company?,
lesson_t58_3,Vì tôi thấy công ty rất năng động và có nhiều cơ hội học hỏi.,Because I find the company very dynamic and full of learning opportunities.,
lesson_t58_v3,cơ hội,opportunity,
lesson_t58_v5,năng động,dynamic / energetic,
lesson_t58_v6,bản thân,oneself,
lesson_t58_v7,kỹ năng,skill,
lesson_t59_0,"Chào anh, xe của anh bị làm sao vậy?","Hello, what's wrong with your car?",
lesson_t59_1,Xe tôi bị kêu lạ ở bánh trước và phanh không ăn.,My car is making a strange noise at the front wheel and the brakes aren't working well.,
lesson_t59_2,Để tôi kiểm tra dầu phanh và lốp xe trước nhé.,Let me check the brake fluid and the tires first.,
lesson_t59_3,"Dạ được, sửa xong thì tốn khoảng bao nhiêu tiền ạ?","Okay, how much will it cost once it's fixed?",
lesson_t59_v2,lốp xe,tire,
lesson_t59_v3,bánh xe,wheel,
lesson_t59_v6,sửa xe,to repair a car,
lesson_t59_v7,kêu lạ,to make a strange noise,
lesson_t60_0,Bây giờ mọi người thái hành và tỏi cho thật nhỏ nhé.,Now everyone chop the onion and garlic very finely.,
lesson_t60_1,"Dạ, mình cho bao nhiêu muối vào là vừa ạ?",How much salt should we add to make it just right?,
lesson_t60_2,"Chỉ cần một muỗng nhỏ thôi, rồi nêm nếm lại sau.","Just one small spoon is enough, then taste and adjust it later.",
lesson_t60_3,"Dạ hiểu rồi, sau đó mình xào trong bao lâu ạ?","Got it, and after that how long should we stir-fry it?",
lesson_t60_v2,tỏi,garlic,
lesson_t60_v4,xào,to stir-fry,
lesson_t60_v5,nêm nếm,to season / taste-adjust,
lesson_t60_v6,muỗng,spoon,
lesson_t61_0,"Chào chị, vé vào cửa bao nhiêu tiền ạ?","Hello, how much is the entrance ticket?",
lesson_t61_1,"Dạ, hai mươi nghìn một vé ạ.",Twenty thousand dong per ticket.,
lesson_t61_2,Bức tranh này của họa sĩ nào vậy chị?,Which artist is this painting by?,
lesson_t61_3,Đây là tranh của một họa sĩ nổi tiếng Việt Nam đó anh.,This is a painting by a famous Vietnamese artist.,
lesson_t61_v0,bảo tàng,museum,
lesson_t61_v3,họa sĩ,artist / painter,
lesson_t61_v4,triển lãm,exhibition,
lesson_t61_v5,tác phẩm,work of art,
lesson_t61_v6,nghệ thuật,art,
lesson_t61_v7,vào cửa,entrance / admission,
lesson_t62_0,Cái áo này giá bao nhiêu vậy chị?,How much is this shirt?,
lesson_t62_1,"Dạ, ba trăm nghìn một cái anh ơi.",Three hundred thousand dong each.,
lesson_t62_2,"Đắt quá, chị bớt chút được không?","That's too expensive, can you lower it a bit?",
lesson_t62_3,"Thôi được, hai trăm năm mươi nghìn cho anh nha.","Alright, two hundred fifty thousand for you.",
lesson_t62_v4,mặc cả,to bargain,
lesson_t63_0,"Sinh nhật bạn mình tuần sau, mình phải chuẩn bị gì đây?","Our friend's birthday is next week, what should we prepare?",
lesson_t63_1,Mình nghĩ nên đặt bánh kem và mua ít bóng bay trang trí.,I think we should order a cake and buy some balloons to decorate.,
lesson_t63_2,"Ừ hay đó, còn khách mời thì sao?","Yeah, good idea, what about the guests?",
lesson_t63_3,Để mình gửi thiệp mời cho mọi người ngay bây giờ.,Let me send invitations to everyone right now.,
lesson_t63_v0,sinh nhật,birthday,
lesson_t63_v1,bánh kem,cake,
lesson_t63_v2,bóng bay,balloon,
lesson_t63_v3,trang trí,to decorate,
lesson_t63_v4,khách mời,guest,
lesson_t63_v5,thiệp mời,invitation card,
lesson_t63_v6,chuẩn bị,to prepare,
lesson_t63_v7,tổ chức,to organize,
lesson_t64_0,"Chào anh, tối qua nhà anh ồn quá, em không ngủ được.","Hi, your place was too noisy last night, I couldn't sleep.",
lesson_t64_1,"Ôi, xin lỗi em nha, tối qua nhà anh có tiệc nhỏ.","Oh, sorry about that, we had a small party last night.",
lesson_t64_2,Anh có thể vặn nhạc nhỏ lại vào buổi tối được không?,Could you turn the music down in the evenings?,
lesson_t64_3,"Được chứ, anh sẽ chú ý hơn từ giờ.","Of course, I'll be more careful from now on.",
lesson_t64_v1,yên tĩnh,quiet,
lesson_t64_v3,tiếng ồn,noise,
lesson_t64_v5,chú ý,to pay attention,
lesson_t64_v7,phàn nàn,to complain,
lesson_t65_0,"Chào chị, em muốn đặt lịch massage vào chiều mai ạ.","Hello, I'd like to book a massage for tomorrow afternoon.",
lesson_t65_1,"Dạ được, chị thích giờ nào, hai giờ hay bốn giờ chiều ạ?","Sure, which time do you prefer, 2pm or 4pm?",
lesson_t65_2,"Cho em hai giờ chiều nha, khoảng bao lâu vậy chị?","Two pm please, about how long does it take?",
lesson_t65_3,"Dạ, liệu trình một tiếng rưỡi, chị nhớ đến sớm mười phút nhé.","The treatment is an hour and a half, please arrive ten minutes early.",
lesson_t65_v1,massage,massage,
lesson_t65_v3,liệu trình,treatment / session,
lesson_t65_v4,thư giãn,to relax,
lesson_t65_v5,spa,spa,
lesson_t66_0,"Chào bạn, mình muốn luyện tập tiếng Việt, được không?","Hi, I want to practice Vietnamese, is that okay?",
lesson_t66_1,Được chứ! Mình cũng muốn học tiếng Anh với bạn.,Of course! I also want to learn English with you.,
lesson_t66_2,"Vậy mình nói tiếng Việt trước, bạn sửa lỗi cho mình nhé.","Then I'll speak Vietnamese first, please correct my mistakes.",
lesson_t66_3,"Ừ, nghe được lắm rồi, chỉ sai một chút thôi.","Sure, that sounded quite good, just a small mistake.",
lesson_t66_v0,luyện tập,to practice,
lesson_t66_v3,sửa lỗi,to correct mistakes,
lesson_t67_0,"Xin lỗi, chuyến bay của tôi có bị hoãn không?","Excuse me, is my flight delayed?",
lesson_t67_1,"Dạ đúng rồi, chuyến bay bị hoãn hai tiếng ạ.","Yes, that's right, the flight is delayed two hours.",
lesson_t67_2,Vậy tôi có thể đổi sang chuyến bay khác được không?,Then can I change to a different flight?,
lesson_t67_3,"Dạ được, anh cho tôi xem vé rồi em sắp xếp cho.","Yes, please show me your ticket and I'll arrange it for you.",
lesson_t67_v0,chuyến bay,flight,
lesson_t67_v6,sắp xếp,to arrange,
lesson_t68_0,"Chào chị, tôi muốn đăng ký thẻ tập gym.","Hello, I'd like to sign up for a gym membership.",
lesson_t68_1,"Dạ được, anh muốn đăng ký gói một tháng hay một năm ạ?","Sure, would you like a one-month or one-year package?",
lesson_t68_2,Cho tôi gói một tháng trước. Ở đây có hồ bơi không?,Give me the one-month package first. Is there a pool here?,
lesson_t68_3,"Dạ có, ngoài hồ bơi còn có phòng tắm hơi và lớp yoga nữa ạ.","Yes, besides the pool there's also a sauna and yoga classes.",
lesson_t68_v1,thẻ tập,gym membership card,
lesson_t68_v3,hồ bơi,swimming pool,
lesson_t68_v4,phòng tắm hơi,sauna,
lesson_t69_0,"Chào anh, tôi muốn làm thẻ thư viện.","Hello, I'd like to make a library card.",
lesson_t69_1,"Dạ, anh cho tôi xem chứng minh thư nhé.","Sure, please show me your ID card.",
lesson_t69_2,Đây ạ. Tôi có thể mượn bao nhiêu cuốn sách một lần?,Here it is. How many books can I borrow at once?,
lesson_t69_3,"Dạ, mỗi lần anh được mượn năm cuốn trong hai tuần ạ.",Each time you can borrow five books for two weeks.,
lesson_t69_v0,thẻ thư viện,library card,
lesson_t69_v7,thư viện,library,
lesson_t70_0,Cứu tôi với! Bạn tôi bị ngất rồi!,Help me! My friend has fainted!,
lesson_t70_1,"Bình tĩnh, tôi gọi xe cấp cứu ngay đây.","Stay calm, I'll call an ambulance right now.",
lesson_t70_2,"Xin nhanh lên, anh ấy khó thở lắm.","Please hurry, he's having a lot of trouble breathing.",
lesson_t70_3,"Dạ, xe cấp cứu sẽ đến trong năm phút nữa, chị đừng lo.","Okay, the ambulance will arrive in five more minutes, don't worry.",
lesson_t70_v3,khó thở,difficulty breathing,
lesson_t71_0,Đám cưới của em tổ chức vào ngày nào vậy?,When is your wedding going to be held?,
lesson_t71_1,"Dạ, tụi em định tổ chức vào tháng mười hai.",We're planning to hold it in December.,
lesson_t71_2,Em đã đặt nhà hàng chưa?,Have you booked the restaurant yet?,
lesson_t71_3,"Rồi ạ, em đặt nhà hàng tuần trước, còn thiệp mời thì tuần sau mới in.","Yes, I booked the restaurant last week, and the invitation cards will be printed next week.",
lesson_t71_v0,đám cưới,wedding,
lesson_t71_v2,nhà hàng,restaurant,
lesson_t71_v4,cô dâu,bride,
lesson_t71_v5,chú rể,groom,
lesson_t72_0,"Chào anh, nhà em bị hư máy lạnh, anh sửa được không?","Hello, my air conditioner is broken, can you fix it?",
lesson_t72_1,"Được chị, máy lạnh bị hư gì vậy?","Sure, what's wrong with the air conditioner?",
lesson_t72_2,Nó không mát và có tiếng kêu lạ.,It's not cold and it makes a strange noise.,
lesson_t72_3,Để em kiểm tra rồi báo giá cho chị nhé.,Let me check it and then give you a price quote.,
lesson_t72_v4,báo giá,to quote a price,
lesson_t72_v5,tiếng kêu,noise / sound,
lesson_t72_v6,ống nước,pipe,
lesson_t72_v7,thợ sửa,repair technician,
lesson_t73_0,Cuối tuần này có sự kiện cộng đồng ở công viên đó.,This weekend there's a community event at the park.,
lesson_t73_1,Vậy à? Có hoạt động gì vậy?,Really? What activities are there?,
lesson_t73_2,"Có dọn dẹp công viên và trồng cây, mọi người đều được mời tham gia.","There's park cleanup and tree planting, everyone is invited to join.",
lesson_t73_3,"Hay quá, mình muốn đăng ký làm tình nguyện viên.","That's great, I want to sign up to be a volunteer.",
lesson_t73_v0,sự kiện,event,
lesson_t73_v1,cộng đồng,community,
lesson_t73_v2,công viên,park,
lesson_t73_v3,tình nguyện viên,volunteer,
lesson_t73_v5,dọn dẹp,to clean up,
lesson_t73_v6,trồng cây,to plant trees,
lesson_t74_0,"Chào chú, nhà em bị dột khi trời mưa.","Hello, my place leaks when it rains.",
lesson_t74_1,Vậy hả? Để chú lên xem thử.,Really? Let me come up and take a look.,
lesson_t74_2,"Dạ, với lại vòi nước trong bếp cũng bị rò rỉ nữa ạ.","Also, the faucet in the kitchen is leaking too.",
lesson_t74_3,"Được, chú sẽ kêu thợ sửa tuần này.","Okay, I'll call a repair technician this week.",
lesson_t74_v0,dột,leaking (roof),
lesson_t74_v2,rò rỉ,to leak,
lesson_t74_v3,vòi nước,faucet,
lesson_t74_v4,sửa chữa,repair,
lesson_t74_v5,tiền thuê nhà,rent,
lesson_t75_0,Hôm nay mình học lái xe số sàn nhé.,Today let's practice driving a manual car.,
lesson_t75_1,"Dạ, em hơi lo, em chưa lái xe số sàn bao giờ.","Okay, I'm a bit nervous, I've never driven a manual car before.",
lesson_t75_2,"Không sao, em đạp côn từ từ rồi vào số một.","It's okay, press the clutch slowly and then shift into first gear.",
lesson_t75_3,"Dạ, em hiểu rồi, em thử nha.","Okay, I understand, I'll give it a try.",
lesson_t75_v0,lái xe,to drive,
lesson_t75_v1,số sàn,manual transmission,
lesson_t75_v2,đạp côn,to press the clutch,
lesson_t75_v3,vào số,to shift gears,
lesson_t75_v6,bằng lái,driver's license,
lesson_t75_v7,an toàn,safe,
word_ǵ,ǵ,,
wordex_cậu,"Cậu ơi, đi đâu đấy?","Hey (uncle/casual you), where are you going?",
wordex_các,Các bạn đã sẵn sàng chưa?,Are you all ready?,
wordex_hắn,Hắn không nói gì cả,He didn't say anything,
wordex_tớ,Tớ với cậu đi chung nhé,"Let's go together, you and me",
wordex_chết,Con mèo suýt chết đói,The cat almost starved to death,
wordex_mày,Mày làm gì vậy?,What are you doing? (very informal),
wordex_tao,Tao không biết đâu,I don't know (very informal),
wordex_cháu,Cháu chào ông bà ạ,Grandchild greets grandparents respectfully,
wordex_bọn,Bọn tôi sẽ đến sớm,Our group will arrive early,
wordex_giết,Đừng giết côn trùng vô cớ,Don't kill insects for no reason,
wordex_ngài,Xin chào ngài,"Greetings, sir",
wordex_vụ,Vụ này rất phức tạp,This case is very complicated,
wordex_ngươi,Ngươi là ai?,"Who are you? (archaic, to an inferior)",
wordex_cha,Cha tôi làm nông dân,My father is a farmer,
wordex_chúa,"Chúa ơi, may quá!","Goodness, what luck!",
wordex_do,Trễ chuyến bay do thời tiết xấu,The flight was delayed due to bad weather,
wordex_trở,Anh ấy trở thành bác sĩ,He became a doctor,
wordex_bé,Bé đang ngủ,The little one is sleeping,
wordex_thằng,Thằng bé nghịch quá,That boy is so mischievous,
wordex_chẳng,Tôi chẳng biết gì cả,I don't know anything at all,
wordex_chiến,Đây là một trận chiến khó khăn,This is a difficult battle,
wordex_ko,Tôi ko đi được,I can't go (informal spelling),
wordex_vô,Mời anh vô nhà,Please come inside,
wordex_bởi,Tôi đến trễ bởi vì kẹt xe,I'm late because of traffic,
wordex_hiện,Anh ấy hiện đang ở Hà Nội,He is currently in Hanoi,
wordex_tưởng,Tôi tưởng bạn đã về rồi,I thought you had already gone home,
wordex_đáng,Món này đáng thử lắm,This dish is really worth trying,
wordex_cám,Cám ơn bạn nhiều,Thanks a lot (informal spelling),
wordex_thần,Người dân thờ nhiều vị thần,The people worship many gods,
wordex_bắn,Đừng bắn súng trong nhà,Don't fire a gun indoors,
wordex_hội,Chúng tôi tham gia hội chợ,We took part in the fair,
wordex_đứa,Đứa nào làm việc này?,Which kid did this?,
wordex_quân,Quân đội đang tập luyện,The army is training,
wordex_tội,Thật tội nghiệp con mèo,"Poor cat, what a pity",
wordex_dù,"Dù trời mưa, tôi vẫn đi","Even though it's raining, I'm still going",
wordex_nữ,Cô ấy là sinh viên nữ,She's a female student,
wordex_đối,Tôi đối diện với khó khăn,I'm facing difficulties,
wordex_trường,Trường học gần nhà tôi,The school is near my house,
wordex_trông,Bạn trông mệt quá,You look really tired,
wordex_năng,Anh ấy rất năng động,He's very energetic,
wordex_súng,Cảnh sát mang theo súng,The police carry guns,
wordex_tử,Anh ấy là một đệ tử giỏi,He's a talented disciple,
wordex_đàn,Anh ấy chơi đàn ghi-ta,He plays the guitar,
wordex_dưới,Con mèo nằm dưới bàn,The cat is lying under the table,
wordex_điên,Đừng nói điên vậy,Don't talk crazy like that,
wordex_kiếm,Tôi đang kiếm việc làm,I'm looking for a job,
wordex_mắt,Mắt tôi bị đau,My eyes hurt,
wordex_trưởng,Anh ấy là trưởng phòng,He's the department head,
wordex_kế,Ngồi kế bên tôi đi,Sit next to me,
wordex_biến,Thời tiết biến đổi thất thường,The weather changes unpredictably,
wordex_lòng,Cảm ơn tấm lòng của bạn,Thank you for your kindness,
wordex_sư,Anh ấy là sư phụ dạy võ,He's a martial arts master,
wordex_đấu,Hai đội sẽ đấu vào tối nay,The two teams will compete tonight,
wordex_quái,Con quái vật trong phim rất đáng sợ,The monster in the movie is very scary,
wordex_tiến,Công việc đang tiến triển tốt,The work is progressing well,
wordex_tệ,Thời tiết hôm nay tệ quá,The weather is really bad today,
wordex_khốn,Đúng là tình huống khốn khổ,It's truly a miserable situation,
wordex_minh,Anh ấy rất thông minh,He's very intelligent,
wordex_gã,Gã đó trông đáng ngờ,That guy looks suspicious,
wordex_thủ,Anh ấy là thủ môn giỏi,He's a good goalkeeper,
wordex_duy,Đây là lựa chọn duy nhất,This is the only choice,
wordex_trí,Cô ấy có trí nhớ rất tốt,She has a very good memory,
wordex_trò,Trò chơi này rất vui,This game is a lot of fun,
wordex_quyền,Mọi người đều có quyền lên tiếng,Everyone has the right to speak up,
wordex_kìa,"Nhìn kìa, đẹp quá!","Look there, so beautiful!",
wordex_diễn,Cô ấy diễn rất hay,She performs very well,
wordex_pháp,Chúng ta cần tuân theo pháp luật,We need to follow the law,
wordex_quốc,Việt Nam là một quốc gia xinh đẹp,Vietnam is a beautiful country,
wordex_máu,Anh ấy bị chảy máu,He's bleeding,
wordex_khí,Không khí ở đây trong lành,The air here is fresh,
wordex_khiến,Câu chuyện đó khiến tôi buồn,That story made me sad,
wordex_phá,Đừng phá đồ của người khác,Don't destroy other people's things,
wordex_tục,Đây là một phong tục lâu đời,This is an ancient custom,
wordex_dân,Người dân ở đây rất thân thiện,The people here are very friendly,
wordex_tạo,Chúng tôi tạo ra sản phẩm mới,We create new products,
wordex_luật,Luật giao thông rất nghiêm,Traffic law is very strict,
wordex_phục,Tôi rất phục bạn,I really admire you,
wordex_hoàng,Đây là cung điện của hoàng gia,This is the royal palace,
wordex_độ,Nhiệt độ hôm nay khá cao,The temperature is quite high today,
wordex_mạng,Tôi cần kết nối mạng,I need to connect to the network,
wordex_chó,Con chó của tôi rất ngoan,My dog is very well-behaved,
wordex_tiêu,Tôi tiêu hết tiền rồi,I've spent all my money,
wordex_ư,Bạn không biết ư?,"You don't know, huh?",
wordex_phạm,Anh ấy không phạm luật,He didn't break the law,
wordex_nhiệm,Đây là trách nhiệm của tôi,This is my responsibility,
wordex_tinh,Cô ấy rất tinh ý,She's very perceptive,
wordex_thúc,Buổi họp sắp kết thúc,The meeting is about to end,
wordex_danh,Nhà hàng này rất nổi danh,This restaurant is very famous,
wordex_ổng,Ổng đi làm rồi,He's already gone to work (southern),
wordex_thắng,Đội của chúng tôi đã thắng,Our team won,
wordex_xấu,Thời tiết hôm nay xấu quá,The weather is really bad today,
wordex_giả,Đây là hàng giả,This is a fake product,
wordex_xử,Toà đang xử vụ án này,The court is handling this case,
wordex_tấn,Xe tải chở mười tấn hàng,The truck carries ten tons of goods,
wordex_tượng,Có một bức tượng ở công viên,There's a statue in the park,
wordex_thoát,Chúng tôi đã thoát khỏi nguy hiểm,We escaped from danger,
wordex_giáo,Anh ấy theo tôn giáo Phật,He follows the Buddhist religion,
wordex_rời,Tàu sắp rời bến,The train is about to leave the station,
wordex_chàng,Chàng trai đó rất lịch sự,That young man is very polite,
wordex_lệnh,Anh ấy tuân theo mệnh lệnh,He follows the order,
wordex_hứa,Tôi hứa sẽ đến đúng giờ,I promise to arrive on time,
wordex_nằm,Con mèo nằm trên ghế,The cat is lying on the chair,
wordex_dối,Đừng nói dối tôi,Don't lie to me,
wordex_hoạch,Chúng ta cần một kế hoạch rõ ràng,We need a clear plan,
wordex_giữa,Cửa hàng nằm giữa hai toà nhà,The shop is between two buildings,
wordex_bóng,Trẻ con đang chơi bóng,Children are playing ball,
wordex_sử,Tôi thích học lịch sử,I like studying history,
wordex_nạn,Anh ấy là nạn nhân của tai nạn,He's a victim of the accident,
wordex_hại,Hút thuốc có hại cho sức khoẻ,Smoking is harmful to health,
wordex_tim,Trái tim tôi đập rất nhanh,My heart is beating very fast,
wordex_băng,Cho tôi một ít băng vào ly,Put some ice in the glass please,
wordex_nhóc,Nhóc con nghịch ngợm quá,The little kid is so naughty,
wordex_trị,Bác sĩ đang điều trị cho bệnh nhân,The doctor is treating the patient,
wordex_tù,Anh ấy bị ngồi tù nhiều năm,He was imprisoned for many years,
wordex_rối,Suy nghĩ của tôi đang rối tung,My thoughts are all tangled up,
wordex_trốn,Con mèo trốn dưới giường,The cat is hiding under the bed,
wordex_rượu,Anh ấy không uống rượu,He doesn't drink alcohol,
wordex_bước,Hãy bước cẩn thận,Please step carefully,
wordex_dấu,Tôi tìm thấy dấu chân trên cát,I found footprints on the sand,
wordex_ngu,Đừng làm việc ngu ngốc đó,Don't do such a stupid thing,
wordex_đức,Ông ấy là người có đạo đức tốt,He's a person with good morals,
wordex_tư,Đây là công ty tư nhân,This is a private company,
wordex_cánh,Con chim vỗ cánh bay đi,The bird flapped its wings and flew away,
wordex_vòng,Chúng tôi đi một vòng công viên,We took a loop around the park,
wordex_mỹ,Cảnh vật ở đây rất mỹ lệ,The scenery here is very beautiful,
wordex_hoa,Cô ấy tặng tôi một bó hoa,She gave me a bouquet of flowers,
wordex_lập,Anh ấy lập một công ty mới,He established a new company,
wordex_ban,Ban giám đốc họp sáng nay,The board of directors met this morning,
wordex_hề,Tôi không hề biết chuyện này,I didn't know about this at all,
wordex_càng,Càng nói càng rối,"The more he talks, the more confusing it gets",
wordex_di,Gia đình tôi mới di chuyển đến đây,My family just moved here,
wordex_da,Làn da của cô ấy rất đẹp,Her skin is very beautiful,
wordex_ngốc,Đừng nói mấy câu ngốc nghếch đó,Don't say such silly things,
wordex_đám,Có một đám đông ở quảng trường,There's a crowd in the square,
wordex_già,Ông ấy đã già rồi,He's already old,
wordex_thuyền,Chiếc thuyền trôi trên sông,The boat drifts on the river,
wordex_bí,Đây là một bí mật,This is a secret,
wordex_lũ,Nước lũ dâng cao,The floodwater is rising,
wordex_trừ,"Ai cũng đi, trừ tôi ra","Everyone's going, except me",
wordex_thầy,Thầy giáo dạy rất hay,The teacher teaches really well,
wordex_khoan,"Khoan đã, để tôi suy nghĩ","Wait a moment, let me think",
wordex_khả,Anh ấy có khả năng lãnh đạo tốt,He has good leadership ability,
wordex_phi,Máy bay sắp cất cánh phi hành,The plane is about to take off,
wordex_vua,Vị vua này rất được lòng dân,This king is well-loved by the people,
wordex_kéo,Cho tôi mượn cây kéo,Let me borrow the scissors,
wordex_đô,Cái này giá bao nhiêu đô?,How many dollars is this?,
wordex_nhật,Tôi muốn học tiếng Nhật,I want to learn Japanese,
wordex_nghi,Cảnh sát nghi ngờ anh ta,The police suspect him,
wordex_khủng,Bộ phim đó có cảnh khủng khiếp,That movie has a terrifying scene,
wordex_thị,Giá cả thị trường đang tăng,Market prices are rising,
wordex_chả,Tôi chả biết gì cả,I don't know anything at all (southern),
wordex_kiếp,Đây có lẽ là số phận của kiếp này,Perhaps this is the fate of this lifetime,
wordex_trận,Trận bóng đá tối nay rất hay,Tonight's soccer match is great,
wordex_im,Cả lớp im lặng lắng nghe,The whole class listened in silence,
wordex_bức,Bức tranh này rất đẹp,This painting is very beautiful,
wordex_mãi,Tôi sẽ nhớ mãi kỷ niệm này,I will remember this memory forever,
wordex_quanh,Chúng tôi đi dạo quanh hồ,We walked around the lake,
wordex_biển,Chúng tôi đi biển vào cuối tuần,We're going to the beach this weekend,
wordex_nàng,Nàng công chúa rất xinh đẹp,The princess is very beautiful,
wordex_ngờ,Tôi không ngờ bạn lại đến,I didn't expect you to come,
wordex_đạo,Anh ấy theo đạo Phật,He follows Buddhism,
wordex_đem,Đem theo áo mưa khi đi ra ngoài,Bring a raincoat when going outside,
wordex_chất,Chất lượng sản phẩm rất tốt,The product quality is very good,
wordex_mơ,Tối qua tôi mơ thấy bạn,Last night I dreamed about you,
wordex_thù,Họ đã trở thành kẻ thù,They became enemies,
wordex_đuổi,Con chó đuổi theo con mèo,The dog chased after the cat,
wordex_thuộc,Việt Nam thuộc khu vực Đông Nam Á,Vietnam belongs to Southeast Asia,
wordex_lính,Người lính bảo vệ đất nước,The soldier protects the country,
wordex_ghét,Tôi ghét trời mưa,I hate rainy weather,
wordex_dạy,Cô ấy dạy tiếng Anh,She teaches English,
wordex_ngăn,Hàng rào ngăn chúng tôi lại,The fence blocked us,
wordex_thả,Chúng tôi thả cá xuống hồ,We released the fish into the lake,
wordex_ngôi,Đây là ngôi nhà của tôi,This is my house,
wordex_lợi,Việc này có lợi cho sức khoẻ,This is beneficial for health,
wordex_thậm,Thậm chí tôi cũng không biết,Even I don't know,
wordex_nhập,Anh ấy mới nhập cảnh vào Việt Nam,He just entered Vietnam,
wordex_lão,Ông lão sống một mình,The old man lives alone,
wordex_cưới,Họ sẽ tổ chức đám cưới vào tháng sau,They'll hold the wedding next month,
wordex_hẳn,Bạn hẳn là đang mệt lắm,You must be really tired,
wordex_nghị,Quốc hội thông qua nghị quyết mới,Parliament passed a new resolution,
wordex_ngựa,Anh ấy cưỡi ngựa rất giỏi,He rides horses very well,
wordex_binh,Đội binh sĩ diễu hành qua quảng trường,The troops marched through the square,
wordex_vàng,Cô ấy đeo một chiếc nhẫn vàng,She wears a gold ring,
wordex_hủy,Chuyến bay bị hủy do bão,The flight was canceled due to the storm,
wordex_phương,Chúng ta cần tìm một phương án khác,We need to find another solution,
wordex_trợ,Chính phủ trợ cấp cho người nghèo,The government subsidizes the poor,
wordex_ngoại,Bà ngoại tôi sống ở quê,My maternal grandmother lives in the countryside,
wordex_tây,Mặt trời lặn ở hướng tây,The sun sets in the west,
wordex_tòa,Tòa nhà này rất cao,This building is very tall,
wordex_tai,Tai tôi bị đau,My ear hurts,
wordex_truyền,Câu chuyện được truyền từ đời này sang đời khác,The story is passed down from generation to generation,
wordex_đạn,Người lính hết đạn,The soldier ran out of bullets,
wordex_kì,Kì nghỉ này thật tuyệt vời,This vacation is truly wonderful,
wordex_nghiêm,Thầy giáo rất nghiêm khắc,The teacher is very strict,
wordex_tá,Cho tôi một tá trứng,Give me a dozen eggs,
wordex_đảm,Tôi đảm bảo mọi thứ sẽ ổn,I guarantee everything will be fine,
wordex_tiệc,Chúng tôi tổ chức tiệc sinh nhật,We're throwing a birthday party,
wordex_dám,Tôi không dám nói với anh ấy,I don't dare tell him,
wordex_la,Đừng la hét trong thư viện,Don't shout in the library,
wordex_mối,Chúng tôi có mối quan hệ tốt,We have a good relationship,
wordex_chấp,Tôi không chấp nhận điều đó,I don't accept that,
wordex_ràng,Hợp đồng này ràng buộc cả hai bên,This contract binds both parties,
wordex_nửa,Cho tôi nửa ký thịt,Give me half a kilo of meat,
wordex_lầm,Tôi nghĩ bạn đã lầm rồi,I think you're mistaken,
wordex_chế,Anh ấy chế tạo ra máy móc mới,He invents new machines,
wordex_ước,Tôi ước có nhiều thời gian hơn,I wish I had more time,
wordex_cướp,Có một vụ cướp xảy ra tối qua,A robbery happened last night,
wordex_nhờ,Tôi nhờ bạn giúp một việc,I'm asking you a favor,
wordex_bại,Đội của tôi bị thất bại,My team lost,
wordex_quỷ,Trong truyện có một con quỷ dữ,In the story there's an evil demon,
wordex_huy,Anh ấy huy động mọi người giúp đỡ,He mobilized everyone to help,
wordex_tiểu,Đây là một tiểu thuyết hay,This is a good novel,
wordex_cử,Người dân đi bầu cử,The people go vote,
wordex_khăn,Cho tôi mượn cái khăn,Let me borrow a towel,
wordex_lễ,Lễ cưới diễn ra vào cuối tuần,The wedding ceremony happens this weekend,
wordex_lai,Tôi lo lắng về tương lai,I'm worried about the future,
wordex_vượt,Chúng tôi vượt qua khó khăn,We overcame the difficulty,
wordex_thuyết,Đây chỉ là một giả thuyết,This is just a hypothesis,
wordex_tha,Xin hãy tha lỗi cho tôi,Please forgive me,
wordex_tích,Anh ấy tích luỹ nhiều kinh nghiệm,He has accumulated a lot of experience,
wordex_tận,Tôi sẽ cố gắng tận sức,I'll try with all my strength,
wordex_rắc,Đừng gây thêm rắc rối,Don't cause more trouble,
wordex_buộc,Tôi buộc dây giày lại,I tied my shoelaces,
wordex_xét,Hãy xem xét kỹ trước khi quyết định,Consider carefully before deciding,
wordex_kích,Âm thanh kích thích trí tò mò của tôi,The sound stimulated my curiosity,
wordex_đoàn,Đoàn du khách đến từ nhiều nước,The tour group comes from many countries,
wordex_thuận,Thời tiết hôm nay thuận lợi cho chuyến đi,The weather is favorable for the trip today,
wordex_rơi,Chiếc lá rơi xuống đất,The leaf fell to the ground,
wordex_cực,Cô ấy cực kỳ thông minh,She's extremely intelligent,
wordex_kim,Kim đồng hồ chỉ mười giờ,The clock's hand points to ten,
wordex_tỉnh,Tôi sinh ra ở tỉnh khác,I was born in a different province,
wordex_cung,Nhà cung cấp giao hàng đúng hẹn,The supplier delivers on time,
wordex_săn,Người thợ săn vào rừng,The hunter went into the forest,
wordex_cuốn,Tôi đang đọc một cuốn sách hay,I'm reading a good book,
wordex_tướng,Vị tướng chỉ huy quân đội,The general commands the army,
wordex_thượng,Anh ấy ngồi ở tầng thượng,He sits on the upper floor,
wordex_miệng,Đóng miệng lại và ăn,Close your mouth and eat,
wordex_tăng,Giá xăng đang tăng lên,Gas prices are rising,
wordex_vi,Anh ấy vi phạm luật giao thông,He violated traffic law,
wordex_trộm,Có kẻ trộm vào nhà tôi,A thief broke into my house,
wordex_lệ,Anh ấy rơi lệ khi nghe tin buồn,He shed tears when hearing the sad news,
wordex_lừa,Đừng để bị lừa gạt,Don't get deceived,
wordex_mức,Mức lương của anh ấy khá cao,His salary level is quite high,
wordex_thánh,Ngôi đền này thờ một vị thánh,This temple worships a saint,
wordex_đỏ,Cô ấy mặc chiếc váy màu đỏ,She's wearing a red dress,
wordex_giây,Chờ tôi một giây thôi,Wait just a second,
wordex_hưởng,Chúng ta nên hưởng thụ cuộc sống,We should enjoy life,
wordex_yếu,Sức khoẻ của ông ấy rất yếu,His health is very weak,
wordex_dõi,Tôi luôn theo dõi tin tức,I always follow the news,
wordex_ích,Việc này rất có ích,This is very useful,
wordex_cơn,Một cơn mưa lớn vừa qua,A big rainstorm just passed,
wordex_khai,Buổi lễ khai mạc bắt đầu,The opening ceremony begins,
wordex_vương,Anh ấy vẫn còn vương vấn kỷ niệm cũ,He's still lingering over old memories,
wordex_thở,Hít thở sâu và bình tĩnh lại,Take a deep breath and calm down,
wordex_tí,Chờ tôi một tí nữa,Wait for me a little longer,
wordex_diện,Bạn ăn mặc rất diện,You're dressed very stylishly,
wordex_hồn,Bức tranh này có hồn,This painting has soul,
wordex_hầu,Anh ấy hầu như không bao giờ trễ,He's almost never late,
wordex_đảo,Chúng tôi đi du lịch đến một hòn đảo,We're traveling to an island,
wordex_tín,Anh ấy rất giữ chữ tín,He's very true to his word,
wordex_xúc,Tôi rất xúc động khi nghe tin đó,I was very moved hearing that news,
wordex_nỗi,Cô ấy giấu nỗi buồn trong lòng,She hides her sorrow inside,
wordex_phủ,Chính phủ đưa ra chính sách mới,The government announced a new policy,
wordex_biểu,Tôi xem biểu đồ doanh thu,I look at the revenue chart,
wordex_hòa,Trận đấu kết thúc với tỉ số hòa,The match ended in a draw,
wordex_loạn,Tình hình trở nên hỗn loạn,The situation became chaotic,
wordex_nặng,Cái vali này rất nặng,This suitcase is very heavy,
wordex_tấm,Đây là một tấm hình đẹp,This is a beautiful photo,
wordex_bom,Có một quả bom được tìm thấy,A bomb was found,
wordex_chuyên,Anh ấy là chuyên gia trong lĩnh vực này,He's an expert in this field,
wordex_ác,Nhân vật đó rất độc ác,That character is very cruel,
wordex_huynh,Xin chào huynh đệ,"Greetings, brother",
wordex_dĩ,Dĩ nhiên là tôi sẽ giúp bạn,Of course I'll help you,
wordex_chương,Tôi vừa đọc xong chương một,I just finished reading chapter one,
wordex_lí,Điều này không có lí lẽ gì cả,This makes no sense at all,
wordex_chữa,Bác sĩ chữa bệnh cho tôi,The doctor treats my illness,
wordex_lãnh,Ông ấy lãnh đạo công ty rất tốt,He leads the company very well,
wordex_rút,Tôi cần rút tiền ở ngân hàng,I need to withdraw money at the bank,
wordex_phóng,Chiếc xe phóng rất nhanh,The car sped very fast,
wordex_thỏa,Cả hai bên đều thỏa mãn với thỏa thuận,Both sides are satisfied with the agreement,
wordex_khỉ,Con khỉ leo trèo trên cây,The monkey climbs the tree,
wordex_á,Á! Đau quá!,Ouch! That hurts!,
wordex_lộ,Bí mật đã bị lộ ra ngoài,The secret has been leaked,
wordex_hậu,Hậu quả rất nghiêm trọng,The consequences are very serious,
wordex_hùng,Anh ấy là một anh hùng,He's a hero,
wordex_sang,Chúng tôi sang nhà hàng xóm chơi,We went over to the neighbor's house,
wordex_thề,Tôi thề sẽ không bao giờ nói dối,I swear I'll never lie again,
wordex_thăm,Tôi đi thăm ông bà cuối tuần,I'm visiting my grandparents this weekend,
wordex_giản,Cuộc sống ở đây rất đơn giản,Life here is very simple,
wordex_sạch,Nhà bếp rất sạch sẽ,The kitchen is very clean,
wordex_chim,Con chim hót rất hay,The bird sings beautifully,
wordex_xếp,Chúng tôi xếp hàng chờ mua vé,We're lining up to buy tickets,
wordex_mùi,Mùi thức ăn rất thơm,The food smells wonderful,
wordex_ánh,Ánh nắng chiếu qua cửa sổ,Sunlight streams through the window,
wordex_lá,Lá cây rụng đầy sân,Leaves have fallen all over the yard,
wordex_tồi,Dịch vụ ở đây khá tồi,The service here is quite poor,
wordex_phong,Cô ấy có phong cách riêng,She has her own style,
wordex_giấu,Anh ấy giấu quà ở dưới giường,He hid the gift under the bed,
wordex_thủy,Chúng tôi đi du lịch bằng đường thủy,We're traveling by water,
wordex_tôn,Học sinh cần tôn trọng thầy cô,Students should respect their teachers,
wordex_tường,Bức tường này mới sơn,This wall was just painted,
wordex_não,Bộ não con người rất phức tạp,The human brain is very complex,
wordex_tầm,Giá trong tầm khoảng năm trăm nghìn,The price is around five hundred thousand,
wordex_ê,"Ê, đợi tôi với!","Hey, wait for me!",
wordex_loài,Đây là một loài chim quý hiếm,This is a rare species of bird,
wordex_ngừng,Xe ngừng lại trước đèn đỏ,The car stops at the red light,
wordex_siêu,Anh ấy có sức mạnh siêu nhiên,He has supernatural strength,
wordex_ấn,Hãy ấn nút để bắt đầu,Press the button to start,
wordex_thừa,Còn thừa rất nhiều đồ ăn,There's a lot of leftover food,
wordex_ô,Mang theo ô phòng khi trời mưa,Bring an umbrella in case it rains,
wordex_nguyện,Tôi tình nguyện giúp đỡ,I volunteer to help,
wordex_nợ,Anh ấy đang nợ tiền tôi,He owes me money,
wordex_lặng,Cả căn phòng im lặng,The whole room was silent,
wordex_nội,Ông nội tôi sống ở quê,My paternal grandfather lives in the countryside,
wordex_mùa,Mùa hè năm nay rất nóng,This summer is very hot,
wordex_đập,Trái tim tôi đập nhanh hơn,My heart beats faster,
wordex_diệt,Chúng ta cần diệt côn trùng gây hại,We need to exterminate harmful pests,
wordex_chà,"Chà, đẹp quá!","Wow, so beautiful!",
wordex_đài,Tôi nghe tin tức trên đài,I listen to news on the radio,
wordex_bạc,Anh ấy đeo một chiếc nhẫn bạc,He wears a silver ring,
wordex_sót,Đừng bỏ sót thông tin quan trọng,Don't leave out important information,
wordex_can,Bạn nên can thiệp vào chuyện này,You should intervene in this matter,
wordex_đống,Có một đống rác ở góc phố,There's a pile of trash on the street corner,
wordex_khắp,Tin tức lan truyền khắp nơi,The news spread everywhere,
wordex_giám,Cô ấy là giám đốc công ty,She's the company director,
wordex_giường,Tôi mua một chiếc giường mới,I bought a new bed,
wordex_hảo,Đây là mối quan hệ hữu hảo,This is a friendly relationship,
wordex_xinh,Con gái tôi rất xinh,My daughter is very pretty,
wordex_cục,Anh ấy làm việc ở cục thuế,He works at the tax bureau,
wordex_trấn,Đây là một thị trấn nhỏ yên bình,This is a small peaceful town,
wordex_in,Tôi cần in tài liệu này,I need to print this document,
wordex_núi,Chúng tôi leo lên đỉnh núi,We climbed to the mountain peak,
wordex_nắm,Nắm chặt tay tôi nhé,Hold my hand tightly,
wordex_chạm,Đừng chạm vào đồ của người khác,Don't touch other people's things,
wordex_nguồn,Đây là nguồn nước sạch,This is a clean water source,
wordex_hữu,Anh ấy là bạn hữu thân thiết,He's a close friend,
wordex_khoa,Cô ấy học khoa y,She studies in the medical faculty,
wordex_so,Đừng so sánh tôi với người khác,Don't compare me to others,
wordex_truy,Cảnh sát truy đuổi tên trộm,The police pursued the thief,
wordex_thua,Đội bóng của chúng tôi bị thua,Our team lost,
wordex_tồn,Vấn đề này vẫn tồn tại,This problem still exists,
wordex_tàn,Ngọn nến đã tàn,The candle has burned out,
wordex_xây,Họ đang xây một ngôi nhà mới,They're building a new house,
wordex_dính,Tay tôi bị dính kẹo,My hand is sticky with candy,
wordex_bang,Anh ấy sống ở một tiểu bang khác,He lives in a different state,
wordex_ném,Đứa trẻ ném quả bóng,The child threw the ball,
wordex_khóc,Em bé khóc suốt đêm,The baby cried all night,
wordex_khổ,Cuộc sống của họ rất khổ,Their life is very hard,
wordex_chặt,Đừng thắt dây quá chặt,Don't tie the rope too tight,
wordex_ẩn,Có một ý nghĩa ẩn trong câu này,There's a hidden meaning in this sentence,
wordex_úy,Anh ấy mang quân hàm đại úy,He holds the rank of captain,
wordex_áp,Huyết áp của tôi hơi cao,My blood pressure is a bit high,
wordex_rừng,Chúng tôi đi bộ trong rừng,We hiked through the forest,
wordex_nghệ,Cô ấy rất yêu nghệ thuật,She loves art very much,
wordex_mẫu,Cho tôi xem mẫu sản phẩm,Show me a sample of the product,
wordex_lưng,Lưng tôi bị đau,My back hurts,
wordex_phận,Đó là số phận của anh ấy,That is his fate,
wordex_quy,Hãy tuân theo quy định,Please follow the regulations,
wordex_vận,Tôi tin vào vận may,I believe in luck,
wordex_tộc,Đây là một dân tộc thiểu số,This is an ethnic minority,
wordex_khắc,Anh ấy khắc tên lên gỗ,He carved a name into the wood,
wordex_dàng,Việc này rất dễ dàng,This task is very easy,
wordex_dòng,Dòng sông chảy qua thành phố,The river flows through the city,
wordex_ngàn,Có hàng ngàn người tham gia,Thousands of people participated,
wordex_hổ,Con hổ rất mạnh mẽ,The tiger is very powerful,
wordex_dọa,Đừng dọa tôi như vậy,Don't threaten me like that,
wordex_túc,Chúng tôi có đầy đủ túc lương thực,We have adequate food supplies,
wordex_xứng,Anh ấy xứng đáng nhận giải thưởng,He deserves the award,
wordex_bầu,Chúng tôi sẽ bầu chọn trưởng nhóm,We will elect a group leader,
wordex_nhẫn,Cô ấy đeo một chiếc nhẫn đẹp,She wears a beautiful ring,
wordex_đào,Chúng tôi đào một cái hố,We dug a hole,
wordex_trải,Tôi đã trải qua nhiều khó khăn,I've been through a lot of hardship,
wordex_châu,Việt Nam nằm ở châu Á,Vietnam is located in Asia,
wordex_mê,Tôi mê phim hành động,I'm obsessed with action movies,
wordex_trạng,Tình trạng sức khoẻ của anh ấy ổn định,His health condition is stable,
wordex_ngục,Anh ấy bị nhốt trong ngục,He's locked in prison,
wordex_hầm,Chúng tôi trú trong hầm khi mưa bão,We took shelter in the basement during the storm,
wordex_mi,Lông mi của cô ấy dài,Her eyelashes are long,
wordex_tốc,Xe chạy với tốc độ cao,The car runs at high speed,
wordex_tung,Anh ấy tung đồng xu lên,He flipped the coin,
wordex_gà,Chúng tôi nuôi gà trong sân,We raise chickens in the yard,
wordex_thiệt,Nói thiệt là tôi không biết,"Honestly, I don't know",
wordex_mệnh,Đây là số mệnh của mỗi người,This is everyone's destiny,
wordex_vỡ,Cái ly bị vỡ rồi,The glass is broken,
wordex_triển,Công ty đang phát triển nhanh,The company is developing quickly,
wordex_dương,Chúng tôi bay qua Thái Bình Dương,We flew over the Pacific Ocean,
wordex_sắc,Con dao này rất sắc,This knife is very sharp,
wordex_nghiên,Cô ấy đang nghiên cứu về y học,She's researching medicine,
wordex_tặng,Tôi tặng bạn món quà này,I'm giving you this gift,
wordex_cư,Gia đình tôi cư trú ở đây lâu rồi,My family has resided here for a long time,
wordex_ám,Ngôi nhà này bị ám ảnh,This house is haunted,
wordex_dao,Cẩn thận với con dao,Be careful with the knife,
wordex_sa,Anh ấy sa vào con đường xấu,He fell into a bad path,
wordex_lạy,Con lạy ông bà,I bow to my grandparents,
wordex_vinh,Đây là niềm vinh dự lớn,This is a great honor,
wordex_tổn,Lời nói đó làm tôi tổn thương,Those words hurt me,
wordex_đệ,Đây là sư đệ của tôi,This is my junior fellow disciple,
wordex_mũi,Mũi tôi bị nghẹt,My nose is stuffy,
wordex_nga,Anh ấy đến từ nước Nga,He comes from Russia,
wordex_tóm,Cảnh sát tóm được tên trộm,The police caught the thief,
wordex_chảy,Máu chảy ra từ vết thương,Blood flows from the wound,
wordex_lùi,Xe lùi lại từ từ,The car backs up slowly,
wordex_ninh,Khu vực này rất an ninh,This area is very secure,
wordex_ngoan,Con chó nhà tôi rất ngoan,My dog is very well-behaved,
wordex_xung,Hai nước đang có xung đột,The two countries are in conflict,
wordex_tỏ,Anh ấy tỏ ra rất vui,He appeared very happy,
wordex_vai,Vai tôi bị đau,My shoulder hurts,
wordex_che,Cô ấy che ô đi dưới mưa,She walked in the rain with an umbrella,
wordex_mông,Anh ấy ngã và đau mông,He fell and hurt his backside,
wordex_sông,Chúng tôi bơi trên sông,We swim in the river,
wordex_bội,Đừng bao giờ phản bội bạn bè,Never betray your friends,
wordex_ống,Nước chảy qua ống dẫn,Water flows through the pipe,
wordex_vĩ,Đây là một công trình vĩ đại,This is a great work,
wordex_bi,Đó là một câu chuyện bi thương,That's a tragic story,
wordex_hồng,Cô ấy tặng tôi một bông hồng,She gave me a rose,
wordex_đốc,Anh ấy là giám đốc công ty,He's the company director,
wordex_thẩm,Vị thẩm phán đưa ra quyết định,The judge made a decision,
wordex_ngược,Bạn đang đi ngược chiều,You're going the wrong way,
wordex_giọng,Cô ấy có giọng nói dễ thương,She has a lovely voice,
wordex_khiển,Cho tôi mượn cái điều khiển,Let me borrow the remote control,
wordex_dặm,Chúng tôi đi bộ năm dặm,We walked five miles,
wordex_thưởng,Công ty thưởng cho nhân viên xuất sắc,The company rewards outstanding employees,
wordex_chối,Anh ấy từ chối lời mời,He declined the invitation,
wordex_niềm,Đó là niềm vui lớn của tôi,That's my great joy,
wordex_hỏa,Xe cứu hỏa đến rất nhanh,The fire truck arrived very quickly,
wordex_kịch,Tối nay chúng tôi đi xem kịch,Tonight we're going to see a play,
wordex_rộng,Căn phòng này rất rộng,This room is very spacious,
wordex_sạn,Chúng tôi ở tại một khách sạn đẹp,We stayed at a beautiful hotel,
wordex_tán,Họ đang tán gẫu ngoài sân,They're chatting outside,
wordex_phán,Toà án phán quyết vụ án này,The court ruled on this case,
wordex_thờ,Gia đình tôi thờ tổ tiên,My family worships our ancestors,
wordex_lôi,Đừng lôi tôi vào chuyện này,Don't drag me into this,
wordex_cập,Tôi cần cập nhật thông tin,I need to update the information,
wordex_giam,Anh ấy bị giam trong tù,He's detained in prison,
wordex_chiếm,Đội quân chiếm được thành phố,The army occupied the city,
wordex_mộ,Chúng tôi đến thăm mộ ông bà,We visited our grandparents' grave,
wordex_vẽ,Cô ấy vẽ một bức tranh đẹp,She painted a beautiful picture,
wordex_địch,Quân địch đã rút lui,The enemy troops retreated,
wordex_dì,Dì tôi sống ở Sài Gòn,My aunt lives in Saigon,
wordex_cắp,Đừng ăn cắp đồ của người khác,Don't steal others' things,
wordex_đâm,Anh ấy bị đâm bởi một con dao,He was stabbed with a knife,
wordex_chuột,Có một con chuột trong bếp,There's a mouse in the kitchen,
wordex_tạp,Tôi đọc một tờ tạp chí,I'm reading a magazine,
wordex_đeo,Cô ấy đeo kính râm,She's wearing sunglasses,
wordex_hãi,Cảnh đó thật đáng sợ hãi,That scene was truly frightening,
wordex_phu,Người phu xe kéo rất vất vả,The rickshaw puller works very hard,
wordex_trao,Họ trao nhau món quà,They exchanged gifts,
wordex_cản,Đừng cản đường tôi,Don't block my way,
wordex_lao,Anh ấy lao xuống hồ bơi,He dove into the pool,
wordex_màn,Kéo màn cửa lại,Draw the curtains,
wordex_cặp,Họ là một cặp đôi hạnh phúc,They are a happy couple,
wordex_bạo,Bộ phim này có cảnh bạo lực,This movie has violent scenes,
wordex_trống,Anh ấy đánh trống rất giỏi,He plays the drums very well,
wordex_trụ,Trụ sở công ty ở trung tâm thành phố,The company headquarters is downtown,
wordex_thám,Anh ấy là một thám tử giỏi,He's a skilled detective,
wordex_cụ,Cụ già ngồi nghỉ trên ghế đá,The elderly person sits resting on the stone bench,
wordex_canh,Tôi nấu một nồi canh rau,I cooked a pot of vegetable soup,
wordex_cờ,Chúng tôi chơi cờ vào buổi tối,We play chess in the evening,
wordex_khiếp,Tôi khiếp sợ khi thấy con rắn,I was terrified seeing the snake,
wordex_hạt,Tôi trồng một hạt giống,I planted a seed,
wordex_vớ,Tôi cần mua một đôi vớ mới,I need to buy a new pair of socks,
wordex_thí,Chúng tôi làm thí nghiệm khoa học,We conduct a science experiment,
wordex_cứng,Cái bánh này hơi cứng,This bread is a bit hard,
wordex_thiện,Anh ấy có một trái tim thiện lương,He has a kind heart,
wordex_xương,Anh ấy bị gãy xương chân,He broke a bone in his leg,
wordex_thảm,Chúng tôi trải thảm mới,We laid a new carpet,
wordex_lan,Tin đồn lan nhanh trong công ty,The rumor spread quickly in the company,
wordex_tố,Cô ấy tố cáo hành vi sai trái,She reported the wrongdoing,
wordex_mèo,Con mèo của tôi rất dễ thương,My cat is very cute,
wordex_tan,Lớp học tan lúc năm giờ,Class ends at five o'clock,
wordex_rồng,Con rồng bay trên bầu trời,The dragon flies in the sky,
wordex_môn,Tôi thích môn toán học,I like the subject of math,
wordex_điệp,Anh ấy là một điệp viên bí mật,He's a secret spy,
wordex_phạt,Cảnh sát phạt anh ấy vì chạy quá tốc độ,The police fined him for speeding,
wordex_cú,Con cú thức dậy vào ban đêm,The owl wakes up at night,
wordex_long,Cung điện có hình rồng long trọng,The palace has a grand dragon design,
wordex_ngực,Ngực tôi cảm thấy khó chịu,My chest feels uncomfortable,
wordex_đua,Chúng tôi tham gia đua xe đạp,We participated in a bike race,
wordex_dạng,Sản phẩm này có nhiều dạng khác nhau,This product comes in many different forms,
wordex_rồ,Anh ấy lái xe rồ ga quá nhanh,He revved the engine too fast,
wordex_đế,Đôi giày này có đế rất bền,These shoes have a very durable sole,
wordex_bả,Con chó ăn phải bả,The dog ate poisoned bait,
wordex_lục,Việt Nam nằm trên lục địa châu Á,Vietnam is located on the Asian continent,
wordex_xưa,Đây là câu chuyện từ thời xưa,This is a story from ancient times,
wordex_xã,Anh ấy làm việc ở uỷ ban xã,He works at the commune committee,
wordex_đe,Anh ấy đe dọa sẽ nghỉ việc,He threatened to quit his job,
wordex_khuyên,Bác sĩ khuyên tôi nên nghỉ ngơi,The doctor advised me to rest,
wordex_hư,Chiếc xe đạp của tôi bị hư,My bicycle is broken,
wordex_tùy,Việc này tùy vào bạn quyết định,This depends on your decision,
wordex_giàu,Ông ấy là một người rất giàu,He's a very wealthy person,
wordex_khứ,Đừng sống mãi trong quá khứ,Don't live forever in the past,
wordex_lãng,Đừng lãng phí thời gian,Don't waste time,
wordex_võ,Anh ấy học võ từ nhỏ,He's studied martial arts since childhood,
wordex_cóc,Con cóc nhảy xuống ao,The toad jumped into the pond,
wordex_tắc,Đường bị tắc vào giờ cao điểm,The road is jammed during rush hour,
wordex_câm,Anh ấy giả vờ câm điếc,He pretended to be deaf and mute,
wordex_trần,Trần nhà bị dột,The ceiling is leaking,
wordex_cận,Cô ấy bị cận thị,She's nearsighted,
wordex_ngọn,Chúng tôi trèo lên ngọn cây,We climbed to the top of the tree,
wordex_gấp,Đây là việc gấp cần giải quyết ngay,This is an urgent matter to resolve now,
wordex_bơi,Tôi thích bơi vào buổi sáng,I like to swim in the morning,
wordex_bẩn,Quần áo của tôi bị bẩn,My clothes are dirty,
wordex_phó,Anh ấy là phó giám đốc,He's the deputy director,
wordex_thai,Cô ấy đang mang thai,She's pregnant,
wordex_mẽ,Anh ấy hay khoe mẽ với mọi người,He often shows off to everyone,
wordex_đụng,Xe của tôi bị đụng phải,My car got hit,
wordex_hung,Con thú đó rất hung dữ,That animal is very ferocious,
wordex_tải,Tôi đang tải file này xuống,I'm downloading this file,
wordex_nhiệt,Nhiệt độ ngoài trời rất cao,The outdoor temperature is very high,
wordex_đòi,Đứa trẻ đòi mua đồ chơi,The child demands to buy a toy,
wordex_lỡ,Tôi lỡ chuyến xe buýt,I missed the bus,
wordex_tống,Cảnh sát tống giam nghi phạm,The police detained the suspect,
wordex_ép,Đừng ép tôi làm việc đó,Don't force me to do that,
wordex_dần,Trời tối dần,It's gradually getting dark,
wordex_lui,Quân đội lui về phía sau,The army retreated,
wordex_mạch,Bác sĩ bắt mạch cho bệnh nhân,The doctor takes the patient's pulse,
wordex_bật,Bật đèn lên giúp tôi,Turn on the light for me,
wordex_hối,Tôi hối hận vì đã nói vậy,I regret saying that,
wordex_đạt,Cô ấy đạt điểm cao trong kỳ thi,She achieved a high score on the exam,
wordex_đáp,Máy bay đã đáp xuống an toàn,The plane landed safely,
wordex_đựng,Cái hộp này đựng đồ chơi,This box holds toys,
wordex_nhiễm,Anh ấy bị nhiễm bệnh cảm cúm,He got infected with the flu,
wordex_tước,Anh ấy bị tước danh hiệu,He was stripped of his title,
wordex_cởi,Cởi giày trước khi vào nhà,Take off your shoes before entering,
wordex_mồm,Đừng nói lớn mồm như vậy,Don't talk so loudly,
wordex_xâm,Kẻ thù xâm chiếm lãnh thổ,The enemy invaded the territory,
wordex_ngón,Tôi bị đau ngón tay,My finger hurts,
wordex_khẩn,Đây là tình huống khẩn cấp,This is an emergency situation,
wordex_dụ,Đừng để bị dụ dỗ,Don't let yourself be lured,
wordex_vẩn,Nước trong hồ khá vẩn đục,The water in the lake is quite murky,
wordex_tuy,"Tuy trời mưa, chúng tôi vẫn đi","Although it's raining, we still went",
wordex_chấm,Cuối câu cần có dấu chấm,The end of a sentence needs a period,
wordex_dung,Nội dung bài viết rất hay,The article's content is very good,
wordex_phiếu,Tôi giữ phiếu mua hàng,I keep the purchase voucher,
wordex_thơ,Cô ấy viết một bài thơ hay,She wrote a beautiful poem,
wordex_mưu,Họ lập mưu để lừa gạt người khác,They plotted to deceive others,
wordex_bờ,Chúng tôi đi dạo dọc bờ biển,We walked along the shore,
wordex_ảo,Đó chỉ là thế giới ảo,That's just a virtual world,
wordex_xu,Tôi tìm thấy một đồng xu,I found a coin,
wordex_ngã,Anh ấy bị ngã xe,He fell off his bike,
wordex_dũng,Anh ấy rất dũng cảm,He's very brave,
wordex_lĩnh,Cô ấy lĩnh lương vào cuối tháng,She receives her salary at the end of the month,
wordex_ngang,Anh ấy rất ngang bướng,He's very stubborn,
wordex_gan,Anh ấy rất gan dạ,He's very brave,
wordex_căng,Không khí buổi họp rất căng thẳng,The atmosphere of the meeting was very tense,
wordex_chôn,Họ chôn kho báu dưới đất,They buried the treasure underground,
wordex_liều,Bác sĩ kê một liều thuốc,The doctor prescribes a dose of medicine,
wordex_trúng,Anh ấy trúng số độc đắc,He won the jackpot lottery,
wordex_đương,Đương nhiên tôi sẽ giúp bạn,Of course I'll help you,
wordex_đếm,Trẻ em học đếm số,Children learn to count numbers,
wordex_doanh,Cô ấy điều hành một doanh nghiệp lớn,She runs a large business,
wordex_làng,Tôi lớn lên ở một làng nhỏ,I grew up in a small village,
wordex_giáng,Chúng tôi mừng lễ Giáng sinh,We celebrate Christmas,
wordex_đa,Việt Nam có nền văn hóa đa dạng,Vietnam has a diverse culture,
wordex_phức,Vấn đề này khá phức tạp,This problem is quite complicated,
wordex_dựa,Tôi dựa vào kinh nghiệm của mình,I rely on my own experience,
wordex_hỗ,Chúng tôi hỗ trợ lẫn nhau,We support each other,
wordex_miếng,Cho tôi một miếng bánh,Give me a piece of cake,
wordex_thảo,Anh ấy thảo một bức thư,He drafted a letter,
wordex_sỹ,Cô ấy muốn trở thành bác sỹ,She wants to become a doctor,
wordex_tái,Bệnh của anh ấy đã tái phát,His illness relapsed,
wordex_nô,Ngày xưa có chế độ nô lệ,In the past there was a slavery system,
wordex_hoại,Vi khuẩn gây hoại tử vết thương,Bacteria cause tissue damage in the wound,
wordex_huấn,Anh ấy tham gia khóa huấn luyện,He's attending a training course,
wordex_gác,Người bảo vệ gác cổng công ty,The guard watches the company gate,
wordex_trăng,Đêm nay trăng rất sáng,The moon is very bright tonight,
wordex_mô,Chúng tôi xây một mô hình thu nhỏ,We built a scaled-down model,
wordex_túy,Anh ấy say túy lúy,He's completely drunk,
wordex_chứa,Cái hộp này chứa nhiều đồ,This box contains a lot of things,
wordex_dầu,Cho thêm một ít dầu vào chảo,Add a bit more oil to the pan,
wordex_nông,Con sông này khá nông,This river is quite shallow,
wordex_chớ,Chớ có nói dối,Don't you dare lie,
wordex_nãy,Bạn vừa nói gì lúc nãy vậy?,What did you just say a moment ago?,
wordex_thách,Tôi thách bạn thử làm điều đó,I dare you to try doing that,
wordex_cấm,Ở đây cấm hút thuốc,Smoking is forbidden here,
wordex_nâng,Anh ấy nâng chiếc hộp nặng,He lifted the heavy box,
wordex_gương,Cô ấy soi gương trước khi ra ngoài,She checks the mirror before going out,
wordex_sắt,Cánh cửa này làm bằng sắt,This door is made of iron,
wordex_dứt,Cơn đau đã dứt hẳn,The pain has completely stopped,
wordex_lộn,Đừng nhầm lộn hai thứ này,Don't mix up these two things,
wordex_mạo,Đừng mạo hiểm khi không cần thiết,Don't take risks unnecessarily,
wordex_hoảng,"Đừng hoảng loạn, mọi thứ sẽ ổn","Don't panic, everything will be fine",
wordex_tu,Ông ấy quyết định đi tu,He decided to become a monk,
wordex_mù,Ông cụ bị mù từ nhỏ,The old man has been blind since childhood,
wordex_bẫy,Người thợ săn đặt bẫy trong rừng,The hunter set a trap in the forest,
wordex_tuyên,Chính phủ tuyên bố chính sách mới,The government announced a new policy,
wordex_thổi,Gió thổi mạnh vào buổi chiều,The wind blows strongly in the afternoon,
wordex_thập,Đây là thập niên chín mươi,This is the nineties decade,
wordex_thùng,Tôi bỏ rác vào thùng,I threw trash into the bin,
wordex_ôm,Cô ấy ôm con chặt vào lòng,She hugged her child tightly,
wordex_họa,Thiên tai gây ra nhiều tai họa,Natural disasters cause much calamity,
wordex_dâm,Nội dung phim này có yếu tố dâm ô,This movie's content has lewd elements,
wordex_phẫu,Anh ấy vừa trải qua ca phẫu thuật,He just went through a surgery,
wordex_môi,Cô ấy tô son môi màu đỏ,She applied red lipstick,
wordex_tuyết,Tuyết rơi trắng cả thành phố,Snow blanketed the whole city white,
wordex_cải,Chúng tôi cần cải thiện dịch vụ,We need to improve the service,
wordex_cốc,Cho tôi một cốc nước,Give me a cup of water,
wordex_mát,Trời hôm nay khá mát,The weather is quite cool today,
wordex_phiên,Tôi làm ca phiên đêm,I work the night shift,
wordex_xóa,Tôi lỡ xóa mất tin nhắn,I accidentally deleted the message,
wordex_lùng,Cảnh sát lùng bắt tội phạm,The police hunt down criminals,
wordex_bảng,Giáo viên viết lên bảng,The teacher writes on the board,
wordex_mụ,Trong truyện có một mụ phù thủy,In the story there's a witch,
wordex_tả,Hãy miêu tả cảm xúc của bạn,Please describe your feelings,
wordex_khổng,Con voi này khổng lồ,This elephant is enormous,
wordex_ngọt,Trái xoài này rất ngọt,This mango is very sweet,
wordex_đấm,Anh ấy đấm vào tường vì tức giận,He punched the wall out of anger,
wordex_khiêu,Họ khiêu vũ rất đẹp,They dance beautifully,
wordex_gấu,Chúng tôi thấy một con gấu trong rừng,We saw a bear in the forest,
wordex_giành,Đội của tôi giành chiến thắng,My team won the victory,
wordex_quang,Căn phòng tràn ngập ánh sáng quang đãng,The room is filled with bright light,
wordex_móc,Treo áo lên móc,Hang the coat on the hook,
wordex_dường,Dường như trời sắp mưa,It seems like it's about to rain,
wordex_bào,Tôi bào vỏ khoai tây,I peel the potato skin,
wordex_quảng,Công ty quảng cáo sản phẩm mới,The company advertises a new product,
wordex_ví,Tôi để quên ví ở nhà,I forgot my wallet at home,
wordex_bão,Cơn bão sắp đổ bộ vào đất liền,The storm is about to make landfall,
wordex_song,"Anh ấy giỏi, song hơi kiêu ngạo","He's talented, however a bit arrogant",
wordex_ức,Tôi vẫn còn ký ức về nơi đó,I still have memories of that place,
wordex_vờ,Anh ấy giả vờ không nghe thấy,He pretended not to hear,
wordex_huyết,Cô ấy bị cao huyết áp,She has high blood pressure,
wordex_đớn,Anh ấy chịu đựng nỗi đau đớn,He endures the painful suffering,
wordex_tách,Cho tôi một tách trà,Give me a cup of tea,
wordex_bệ,Bức tượng đứng trên bệ đá,The statue stands on a stone pedestal,
wordex_kín,Đóng cửa thật kín nhé,Close the door tightly,
wordex_niên,Anh ấy còn là thanh niên trẻ,He's still a young adult,
wordex_hét,Cô ấy hét lên vì sợ hãi,She screamed out of fear,
wordex_ngữ,Tôi học nhiều ngôn ngữ khác nhau,I study several different languages,
wordex_lông,Con mèo có bộ lông mềm mại,The cat has soft fur,
wordex_hạng,Chúng tôi ngồi ghế hạng nhất,We're sitting in first class,
wordex_lồ,Toà nhà này khổng lồ,This building is enormous,
wordex_cớm,"Cẩn thận, có cớm ở đó","Careful, there are cops there (slang)",
wordex_pháo,Ngày Tết mọi người đốt pháo,"On Tet, everyone lights firecrackers",
wordex_suýt,Tôi suýt trễ chuyến bay,I almost missed the flight,
wordex_ung,Ông ấy đang chữa trị bệnh ung thư,He's undergoing treatment for cancer,
wordex_nguyền,Trong truyện có một lời nguyền,In the story there's a curse,
wordex_nhục,Anh ấy cảm thấy nhục nhã,He feels humiliated,
wordex_tuyến,Tuyến xe buýt này đi qua nhà tôi,This bus route passes by my house,
wordex_tốn,Việc này tốn khá nhiều thời gian,This takes quite a lot of time,
wordex_cam,Tôi thích uống nước cam,I like drinking orange juice,
wordex_mộng,Đó chỉ là một giấc mộng,That was just a dream,
wordex_hòn,Chúng tôi bơi ra một hòn đảo nhỏ,We swam out to a small island,
wordex_hè,Chúng tôi đi biển vào mùa hè,We go to the beach in summer,
wordex_hận,Cô ấy không hề oán hận ai,She doesn't resent anyone at all,
wordex_kĩ,Hãy kiểm tra kĩ trước khi gửi,Please check carefully before sending,
wordex_bồ,Anh ấy vừa chia tay với bồ,He just broke up with his girlfriend,
wordex_gắn,Tôi gắn camera trước cửa nhà,I installed a camera at the front door,
wordex_hà,Chúng tôi sống ở Hà Nội,We live in Hanoi,
wordex_cút,Cút ngay khỏi đây!,Get out of here right now!,
wordex_sàn,Sàn nhà rất trơn,The floor is very slippery,
wordex_tạ,Tôi xin tạ ơn bạn rất nhiều,I sincerely thank you very much,
wordex_sói,Bầy sói săn mồi vào ban đêm,The wolf pack hunts at night,
wordex_chìm,Con tàu bị chìm ngoài khơi,The ship sank offshore,
wordex_gián,Có một con gián trong nhà bếp,There's a cockroach in the kitchen,
wordex_hèn,Đừng làm kẻ hèn nhát,Don't be a coward,
wordex_táo,Tôi ăn một quả táo mỗi ngày,I eat an apple every day,
wordex_trì,Chúng ta cần duy trì thói quen tốt,We need to maintain good habits,
wordex_trá,Đừng tin vào lời lừa trá,Don't believe deceitful words,
wordex_quê,Tôi về quê thăm gia đình,I'm going back to my hometown to visit family,
wordex_nền,Nền kinh tế đang phát triển tốt,The economy is developing well,
wordex_kiên,Anh ấy rất kiên nhẫn,He's very patient,
wordex_kẹo,Trẻ em thích ăn kẹo,Children like to eat candy,
wordex_lưỡi,Lưỡi tôi bị bỏng vì canh nóng,My tongue got burned by hot soup,
wordex_bày,Cô ấy bày biện bàn tiệc rất đẹp,She arranged the party table beautifully,
wordex_buông,Xin đừng buông tay tôi,Please don't let go of my hand,
wordex_gãy,Anh ấy bị gãy tay khi chơi thể thao,He broke his arm while playing sports,
wordex_bông,Cô ấy cài một bông hoa lên tóc,She pinned a flower in her hair,
wordex_kem,Trẻ con thích ăn kem,Children love eating ice cream,
wordex_bá,Anh ấy hành xử rất bá đạo,He acts very domineeringly,
wordex_vân,Vân vân và mây mây,And so on and so forth,
wordex_thải,Nhà máy xử lý nước thải,The factory treats wastewater,
wordex_nghiện,Anh ấy nghiện chơi game,He's addicted to playing games,
wordex_liệt,Ông ấy bị liệt nửa người,He's paralyzed on one side,
wordex_óc,Dùng óc suy nghĩ trước khi nói,Use your brain before speaking,
wordex_hương,Hương hoa lan rất thơm,The orchid's fragrance is lovely,
wordex_cỏ,Chúng tôi cắt cỏ trong sân,We mow the grass in the yard,
wordex_khuôn,Chiếc bánh này đúc theo khuôn,This cake is molded in a shape,
wordex_hiến,Anh ấy hiến máu định kỳ,He donates blood regularly,
wordex_mò,Tôi mò tìm chìa khóa trong bóng tối,I fumbled for the keys in the dark,
wordex_cương,Anh ấy rất cương quyết,He's very resolute,
wordex_tri,Tri thức là sức mạnh,Knowledge is power,
wordex_phe,Hai phe đang tranh cãi,The two factions are arguing,
wordex_khôn,Con chó này rất khôn,This dog is very smart,
wordex_kháng,Cơ thể cần sức đề kháng tốt,The body needs good resistance,
wordex_xứ,Anh ấy đến từ xứ lạnh,He comes from a cold region,
wordex_ngầm,Có một lối đi ngầm dưới đường,There's an underground passage under the road,
wordex_trừng,Kẻ xấu sẽ bị trừng phạt,The wrongdoer will be punished,
wordex_vây,Cảnh sát vây bắt tội phạm,Police surrounded and caught the criminal,
wordex_muội,Cô ấy có một muội muội đáng yêu,She has an adorable younger sister,
wordex_khối,Có một khối đá lớn ở đây,There's a large block of stone here,
wordex_cát,Trẻ con chơi trên cát,Children play on the sand,
wordex_bóp,Đừng bóp mạnh quá,Don't squeeze too hard,
wordex_manh,Cảnh sát tìm ra manh mối,The police found a clue,
wordex_tiệm,Tiệm bánh mì này rất ngon,This bread shop is delicious,
wordex_mồi,Người câu cá dùng mồi tôm,The angler uses shrimp bait,
wordex_điệu,Cô ấy nhảy theo điệu nhạc,She dances to the rhythm,
wordex_mồ,Chúng tôi thăm mồ tổ tiên,We visit our ancestors' graves,
wordex_khùng,Đừng nói khùng vậy,Don't talk crazy like that,
wordex_thổ,Đây là lãnh thổ của chúng tôi,This is our territory,
wordex_tháo,Tôi tháo đồng hồ ra,I take off my watch,
wordex_gốc,Cây có gốc rất chắc,The tree has a very sturdy root,
wordex_dâu,Tôi thích ăn dâu tây,I like eating strawberries,
wordex_giai,Anh ấy là một chàng giai đẹp trai,He's a handsome young man,
wordex_tuân,Chúng ta phải tuân theo luật lệ,We must comply with the rules,
wordex_lầu,Phòng tôi ở trên lầu ba,My room is on the third floor,
wordex_đảng,Anh ấy tham gia một đảng chính trị,He joined a political party,
wordex_mập,Con mèo này khá mập,This cat is quite chubby,
wordex_bar,Chúng tôi gặp nhau ở quán bar,We meet at the bar,
wordex_xoay,Anh ấy xoay người lại nhìn tôi,He turned around to look at me,
wordex_mạn,Câu chuyện có phần lãng mạn,The story has a romantic side,
wordex_đuôi,Con chó vẫy đuôi vui mừng,The dog wags its tail happily,
wordex_ân,Anh ấy là ân nhân của tôi,He is my benefactor,
wordex_tỷ,Công ty đó trị giá hàng tỷ đồng,That company is worth billions of dong,
wordex_nhốt,Đừng nhốt con vật trong lồng lâu quá,Don't keep the animal caged too long,
wordex_đần,Đừng đứng đó như người đần,Don't stand there like a dimwit,
wordex_bỏng,Tay tôi bị bỏng khi nấu ăn,I burned my hand while cooking,
wordex_bồi,Công ty phải bồi thường thiệt hại,The company must compensate for the damages,
wordex_âu,Nhiều du khách châu Âu đến Việt Nam,Many European tourists visit Vietnam,
wordex_chọc,Đừng chọc em gái tôi khóc,Don't tease my little sister until she cries,
wordex_mến,Mọi người đều mến cô ấy,Everyone is fond of her,
wordex_gởi,Tôi gởi thư cho bạn,I sent you a letter (southern spelling),
wordex_hôi,Đôi giày này hôi quá,These shoes smell terrible,
wordex_mỏi,Chân tôi mỏi sau khi đi bộ,My legs are sore after walking,
wordex_tháp,Chúng tôi leo lên đỉnh tháp,We climbed to the top of the tower,
wordex_khô,Thời tiết ở đây rất khô,The weather here is very dry,
wordex_nhát,Cắt một nhát dưa hấu,Cut a slice of watermelon,
wordex_nhảm,Đừng nói chuyện nhảm nhí,Don't talk nonsense,
wordex_tươi,Rau này rất tươi,This vegetable is very fresh,
wordex_kỉ,Đây là một kỉ vật quý giá,This is a precious keepsake,
wordex_ngắm,Chúng tôi ngắm cảnh hoàng hôn,We admire the sunset scenery,
wordex_hô,Đám đông hô vang khẩu hiệu,The crowd chants slogans loudly,
wordex_ngôn,"Anh ấy giữ đúng lời hứa, trọng ngôn","He keeps his word, true to his promise",
wordex_nút,Nhấn nút để bắt đầu,Press the button to start,
wordex_li,Cho tôi một li nước cam,Give me a glass of orange juice,
wordex_tỉ,Trái đất có hơn bảy tỉ người,Earth has more than seven billion people,
wordex_mạc,Đây là một vùng sa mạc rộng lớn,This is a vast desert region,
wordex_tang,Gia đình đang để tang,The family is in mourning,
wordex_tởm,Mùi này thật tởm,This smell is disgusting,
wordex_hỗn,Đứa trẻ đó rất hỗn láo,That child is very rude,
wordex_đít,Anh ấy ngã đau đít,He fell and hurt his backside,
wordex_đuối,Tôi cảm thấy đuối sức,I feel exhausted,
wordex_bốc,Khói bốc lên từ đám cháy,Smoke rose from the fire,
wordex_rũ,Anh ấy rũ bỏ mọi lo âu,He shakes off all his worries,
wordex_tiêm,Tôi vừa tiêm phòng cúm,I just got a flu shot,
wordex_đền,Chúng tôi ghé thăm ngôi đền cổ,We visited the ancient temple,
wordex_xích,Chiếc xe đạp có xích bị đứt,The bicycle chain is broken,
wordex_vứt,Đừng vứt rác bừa bãi,Don't litter carelessly,
wordex_ngũ,Chúng tôi ngũ giác trong đội hình,We formed a pentagon shape,
wordex_xạ,Anh ấy là một xạ thủ giỏi,He's a skilled marksman,
wordex_giỡn,Đừng giỡn với tôi,Don't joke around with me,
wordex_phái,Anh ấy thuộc phái bảo thủ,He belongs to the conservative faction,
wordex_đạp,Tôi đạp xe đi làm mỗi ngày,I bike to work every day,
wordex_dò,Cảnh sát dò tìm dấu vết,The police searched for clues,
wordex_triều,Đây là di tích của một triều đại xưa,This is a relic of an ancient dynasty,
wordex_truyện,Tôi đang đọc một cuốn truyện hay,I'm reading a great story,
wordex_cược,Đừng đặt cược quá nhiều tiền,Don't bet too much money,
wordex_nương,Cô ấy nương tựa vào gia đình,She relies on her family,
wordex_vĩnh,Chúng tôi hứa yêu nhau vĩnh viễn,We promise to love each other forever,
wordex_đĩa,Đặt thức ăn lên đĩa,Put the food on the plate,
wordex_chăng,Có lẽ trời sẽ mưa chăng?,Perhaps it will rain?,
wordex_ruột,Anh ấy bị đau ruột,He has a stomachache (intestinal pain),
wordex_giơ,Học sinh giơ tay phát biểu,The student raises their hand to speak,
wordex_hít,Hít một hơi thật sâu,Take a really deep breath,
wordex_tròn,Cái bánh này có hình tròn,This cake is round-shaped,
wordex_trói,Kẻ bắt cóc trói tay nạn nhân,The kidnapper tied the victim's hands,
wordex_giật,Ai đó giật túi xách của cô ấy,Someone snatched her bag,
wordex_heo,Trang trại nuôi rất nhiều heo,The farm raises a lot of pigs,
wordex_van,Cô ấy van xin được tha thứ,She begs to be forgiven,
wordex_hoan,Mọi người hoan nghênh vị khách mới,Everyone welcomes the new guest,
wordex_gợi,Bài hát này gợi lại kỷ niệm cũ,This song evokes old memories,
wordex_tịch,Hải quan tịch thu hàng lậu,Customs confiscated the smuggled goods,
wordex_tụ,Bạn bè tụ họp mỗi cuối tuần,Friends gather every weekend,
wordex_thiêu,Đám cháy thiêu rụi cả căn nhà,The fire burned down the whole house,
wordex_nụ,Nụ hoa sắp nở rồi,The flower bud is about to bloom,
wordex_chủng,Đây là một chủng loại hiếm,This is a rare species,
wordex_vườn,Chúng tôi trồng rau trong vườn,We grow vegetables in the garden,
wordex_cột,Cột đèn đứng giữa đường,The lamp post stands in the middle of the road,
wordex_ốm,Cô ấy bị ốm mấy ngày nay,She's been sick for a few days,
wordex_thụ,Cây thụ phấn nhờ ong,The tree is pollinated by bees,
wordex_váy,Cô ấy mặc một chiếc váy đẹp,She wears a beautiful dress,
wordex_dáng,Cô ấy có dáng người thon thả,She has a slender figure,
wordex_mét,Con đường dài khoảng một trăm mét,The road is about one hundred meters long,
wordex_ủy,Ủy ban tổ chức cuộc họp,The committee organizes the meeting,
wordex_mãn,Tôi rất mãn nguyện với cuộc sống,I'm very content with life,
wordex_chuông,Chuông cửa reo lên,The doorbell rings,
wordex_vỏ,Vứt vỏ chuối vào thùng rác,Throw the banana peel in the trash,
wordex_thiếp,Bà cụ thiếp đi trên ghế,The old woman dozed off in the chair,
wordex_đàng,Đi đàng nào cũng được,Either way is fine,
wordex_đồi,Chúng tôi leo lên đỉnh đồi,We climbed to the top of the hill,
wordex_nạ,Anh ấy đeo mặt nạ hóa trang,He wears a costume mask,
wordex_bự,Con cá này bự quá,This fish is huge,
wordex_huống,"Trời lạnh thế này, huống chi là ban đêm","It's this cold, let alone at night",
wordex_hàn,Thợ hàn sửa lại khung sắt,The welder repairs the steel frame,
wordex_cai,Anh ấy quyết tâm cai thuốc lá,He's determined to quit smoking,
wordex_ưu,Người già được ưu tiên khi xếp hàng,Elderly people get priority in line,
wordex_bối,Tôi cảm thấy bối rối,I feel confused,
wordex_mềm,Chiếc gối này rất mềm,This pillow is very soft,
wordex_hang,Chúng tôi khám phá một cái hang,We explored a cave,
wordex_gỡ,Tôi cần gỡ rối chuyện này,I need to untangle this problem,
wordex_san,Chúng tôi san sẻ khó khăn với nhau,We share hardships with each other,
wordex_lặn,Anh ấy học lặn biển,He's learning to scuba dive,
wordex_giáp,Người lính mặc áo giáp,The soldier wears armor,
wordex_quyến,Cô ấy có vẻ đẹp quyến rũ,She has a captivating beauty,
wordex_ngọc,Chiếc vòng này làm từ ngọc,This bracelet is made of jade,
wordex_mỏ,Con chim có cái mỏ dài,The bird has a long beak,
wordex_ghen,Đừng ghen tuông vô cớ,Don't be jealous for no reason,
wordex_gỗ,Cái bàn này làm bằng gỗ,This table is made of wood,
wordex_đẻ,Con mèo vừa đẻ năm con,The cat just gave birth to five kittens,
wordex_quỳ,Anh ấy quỳ xuống cầu hôn,He knelt down to propose,
wordex_tia,Một tia nắng chiếu qua cửa sổ,A ray of sunlight shines through the window,
wordex_cuồng,Anh ấy cuồng nhiệt với bóng đá,He's crazy about soccer,
wordex_cỗ,Gia đình chuẩn bị một cỗ tiệc lớn,The family prepares a big feast,
wordex_tân,Chúng tôi chào đón sinh viên tân,We welcome new students,
wordex_quỹ,Công ty lập một quỹ từ thiện,The company set up a charity fund,
wordex_viễn,Ngành viễn thông phát triển nhanh,The telecommunications industry develops quickly,
wordex_dã,Đó là một hành động dã man,That was a brutal act,
wordex_tàng,Chiếc xe có khả năng tàng hình,The car has stealth capability,
wordex_diệu,Đó là một câu chuyện kỳ diệu,That's a wonderful story,
wordex_tràn,Nước tràn ra khỏi bồn,Water overflows from the tub,
wordex_vốn,Anh ấy đầu tư vốn vào công ty,He invested capital in the company,
wordex_nhịp,Tim tôi đập theo nhịp nhạc,My heart beats to the rhythm of the music,
wordex_phổi,Hút thuốc gây hại cho phổi,Smoking harms the lungs,
wordex_khoác,Cô ấy khoác áo lạnh trước khi ra ngoài,She puts on a coat before going out,
wordex_than,Đừng than vãn nữa,Stop complaining,
wordex_béo,Món ăn này hơi béo,This dish is a bit fatty,
wordex_thao,Anh ấy rất giỏi thể thao,He's very good at sports,
wordex_thiệp,Tôi gửi thiệp mời sinh nhật,I sent a birthday invitation card,
wordex_bực,Tôi cảm thấy bực mình,I feel annoyed,
wordex_cúi,Anh ấy cúi đầu chào,He bows his head to greet,
wordex_bổ,Trái cây rất bổ dưỡng,Fruit is very nutritious,
wordex_trinh,Cô ấy giữ lòng trinh trắng,She keeps her chastity,
wordex_ngớ,Anh ấy ngớ người ra vì bất ngờ,"He froze, stunned by surprise",
wordex_trùm,Hắn là trùm băng đảng,He's the gang boss,
wordex_camera,Chúng tôi lắp camera an ninh,We installed a security camera,
wordex_thỏ,Con thỏ chạy rất nhanh,The rabbit runs very fast,
wordex_huyền,Đây là một câu chuyện huyền bí,This is a mysterious story,
wordex_gối,Đầu gối tôi bị đau,My knee hurts,
wordex_kiệt,Tôi kiệt sức sau chuyến đi dài,I'm exhausted after the long trip,
wordex_ngẩn,Cô ấy ngẩn người nhìn cảnh đẹp,She stood in awe looking at the beautiful scenery,
wordex_lợn,Trang trại nuôi lợn,The farm raises pigs,
wordex_khích,Đừng khích tướng tôi,Don't provoke me,
wordex_thắc,Tôi có một thắc mắc,I have a question,
wordex_sợi,Cô ấy cầm một sợi dây,She holds a strand of string,
wordex_chấn,Trận động đất gây chấn động lớn,The earthquake caused a huge shock,
wordex_bạch,Con thiên nga bạch trắng muốt,The swan is pure white,
wordex_chiêu,Anh ấy nghĩ ra một chiêu hay,He came up with a clever trick,
wordex_đinh,Tôi cần một cây đinh để treo tranh,I need a nail to hang the painting,
wordex_báu,Đây là vật báu của gia đình,This is the family's treasure,
wordex_ngửi,Tôi ngửi thấy mùi thơm,I smell a fragrant scent,
wordex_dùm,Giữ dùm tôi cái này,Hold this for me please,
wordex_đòn,Anh ấy chịu một đòn đau,He took a painful blow,
wordex_góp,Mọi người góp tiền mua quà,Everyone chipped in money to buy a gift,
wordex_bê,Con bê con đi theo mẹ,The baby calf follows its mother,
wordex_xăng,Tôi cần đổ thêm xăng,I need to fill up on gas,
wordex_loạt,Có một loạt sự kiện xảy ra,A series of events happened,
wordex_co,Vải này bị co lại sau khi giặt,This fabric shrank after washing,
wordex_khói,Khói bốc lên từ ống khói,Smoke rises from the chimney,
wordex_gục,Anh ấy gục xuống vì mệt,He collapsed from exhaustion,
wordex_lót,Lót một tấm khăn lên giường,Lay a cloth on the bed,
wordex_sướng,Cuộc sống ở đây thật sướng,Life here is truly pleasant,
wordex_gánh,Bà bán hàng gánh rong,The woman carries goods on a shoulder pole to sell,
wordex_đắn,Tôi còn đắn đo chưa quyết định,"I'm still hesitating, haven't decided yet",
wordex_ong,Con ong hút mật từ hoa,The bee collects nectar from flowers,
wordex_nghèo,Gia đình đó khá nghèo,That family is quite poor,
wordex_rốt,Rốt cuộc chuyện gì đã xảy ra?,What happened in the end?,
wordex_nhi,Bệnh viện nhi chăm sóc trẻ em,The pediatric hospital cares for children,
wordex_ướt,Áo tôi bị ướt vì mưa,My shirt got wet from the rain,
wordex_chui,Con mèo chui qua khe cửa,The cat crawls through the door gap,
wordex_cảng,Tàu cập cảng vào buổi sáng,The ship docks at the port in the morning,
wordex_gạt,Đừng để bị gạt bởi lời ngọt ngào,Don't be deceived by sweet words,
wordex_suất,Cho tôi một suất cơm,Give me one portion of rice,
wordex_xé,Anh ấy xé tờ giấy,He tears the piece of paper,
wordex_vả,Cô ấy vả vào mặt hắn,She slapped him in the face,
wordex_virus,Máy tính tôi bị nhiễm virus,My computer got infected with a virus,
wordex_lau,Tôi lau bàn sạch sẽ,I wipe the table clean,
wordex_râu,Ông ấy để râu dài,He grows a long beard,
wordex_ưa,Tôi ưa thích sự yên tĩnh,I prefer quietness,
wordex_thà,Thà đi bộ còn hơn đợi xe buýt,I'd rather walk than wait for the bus,
wordex_ngưỡng,Tôi rất ngưỡng mộ sự kiên trì của bạn,I really admire your perseverance,
wordex_xì,Bánh xe bị xì hơi,The tire is leaking air,
wordex_thô,Cách nói chuyện của anh ấy hơi thô,His way of speaking is a bit crude,
wordex_bậc,Leo lên từng bậc thang,Climb up step by step,
wordex_cuộn,Cô ấy cuộn sợi len lại,She rolls up the yarn,
wordex_xuân,Mùa xuân hoa nở khắp nơi,"In spring, flowers bloom everywhere",
wordex_lặp,Đừng lặp lại lỗi cũ,Don't repeat the old mistake,
wordex_ngưng,Cơn mưa đã ngưng,The rain has stopped,
wordex_biện,Luật sư biện hộ cho bị cáo,The lawyer defends the accused,
wordex_tò,Tôi rất tò mò về chuyện đó,I'm very curious about that matter,
wordex_khoảnh,Đó là một khoảnh khắc đáng nhớ,That's a memorable moment,
wordex_tuyển,Công ty đang tuyển nhân viên mới,The company is recruiting new staff,
wordex_khớp,Câu trả lời không khớp với câu hỏi,The answer doesn't match the question,
wordex_robot,Nhà máy sử dụng robot để sản xuất,The factory uses robots for production,
wordex_bề,Nhìn bề ngoài anh ấy rất tự tin,"From the outside, he looks very confident",
wordex_sụp,Toà nhà cũ sụp đổ,The old building collapsed,
wordex_trú,Chúng tôi trú mưa dưới mái hiên,We took shelter from the rain under the eave,
wordex_phấn,Cô ấy dùng phấn trang điểm,She uses powder for makeup,
wordex_dày,Cuốn sách này khá dày,This book is quite thick,
wordex_đê,Người dân đắp đê ngăn lũ,The people build a dike to hold back floods,
wordex_trương,Bụng anh ấy bị trương lên,His stomach became swollen,
wordex_lén,Anh ấy lén nhìn qua cửa sổ,He secretly peeks through the window,
wordex_trật,Anh ấy đi trật đường,He went the wrong way,
wordex_giang,Trường Giang là con sông dài nhất châu Á,The Yangtze is the longest river in Asia,
wordex_chốt,Chúng ta cần chốt lại quyết định,We need to finalize the decision,
wordex_vở,Học sinh viết bài vào vở,Students write their lessons in notebooks,
wordex_sung,Gia đình anh ấy khá sung túc,His family is quite well-off,
wordex_nhí,Đứa bé nhí nhảnh dễ thương,The lively little kid is adorable,
wordex_khoang,Hành khách ngồi trong khoang máy bay,Passengers sit in the airplane cabin,
wordex_cậy,Đừng cậy nhờ người khác quá nhiều,Don't rely on others too much,
wordex_bọc,Mẹ bọc quà bằng giấy màu,Mom wraps the gift in colored paper,
wordex_đàm,Hai bên đang đàm phán hợp đồng,Both sides are negotiating a contract,
wordex_ái,Câu chuyện ái tình rất cảm động,The love story is very touching,
wordex_alô,"Alô, ai đó?","Hello, who's this?",
wordex_nhàng,Nói nhẹ nhàng thôi,Speak gently,
wordex_trúc,Khu vườn trồng nhiều cây trúc,The garden grows many bamboo trees,
wordex_bắp,Tôi thích ăn bắp luộc,I like eating boiled corn,
wordex_nôn,Cô ấy cảm thấy buồn nôn,She feels nauseous,
wordex_mọc,Cây con mọc lên từ đất,The young plant sprouts from the soil,
wordex_thắt,Thắt dây an toàn trước khi lái xe,Fasten your seatbelt before driving,
wordex_cự,Đừng cự cãi với bố mẹ,Don't argue with your parents,
wordex_sốc,Tôi bị sốc khi nghe tin đó,I was shocked hearing that news,
wordex_tam,Ba mẹ con họ là tam giác vàng,Their family of three is a perfect trio,
wordex_bó,Cô ấy mua một bó hoa hồng,She bought a bunch of roses,
wordex_nhặt,Tôi nhặt được một đồng xu,I picked up a coin,
wordex_ván,Chúng tôi chơi thêm một ván cờ,We play another round of chess,
wordex_lược,Cho tôi mượn cây lược,Let me borrow a comb,
wordex_quận,Tôi sống ở quận một,I live in District One,
wordex_ngào,Giọng nói của cô ấy ngọt ngào,Her voice is sweet,
wordex_rào,Họ dựng hàng rào quanh vườn,They put up a fence around the garden,
wordex_bồn,Tôi ngâm mình trong bồn tắm,I soak in the bathtub,
wordex_va,Xe của tôi va vào cột đèn,My car bumped into the lamp post,
wordex_phối,Hai màu này phối với nhau rất đẹp,These two colors combine beautifully,
wordex_bọ,Có một con bọ trên lá,There's a bug on the leaf,
wordex_mổ,Bác sĩ mổ ca phẫu thuật thành công,The doctor performed a successful surgery,
wordex_phật,Chúng tôi đi chùa lễ Phật,We go to the pagoda to worship Buddha,
wordex_thỉu,Căn phòng này bẩn thỉu quá,This room is really filthy,
wordex_lưới,Ngư dân kéo lưới lên thuyền,The fisherman pulls the net onto the boat,
wordex_chép,Học sinh chép bài từ bảng,Students copy the lesson from the board,
wordex_nhét,Tôi nhét tiền vào ví,I stuff the money into my wallet,
wordex_hệt,Hai anh em giống hệt nhau,The two brothers look exactly alike,
wordex_thác,Chúng tôi đi ngắm thác nước,We went to see the waterfall,
wordex_đáo,Hợp đồng sắp đáo hạn,The contract is about to expire,
wordex_chu,Anh ấy rất chu đáo,He's very thoughtful,
wordex_hoạn,Gia đình gặp hoạn nạn,The family faced misfortune,
wordex_mươi,Chờ tôi mươi phút nữa,Wait about ten more minutes for me,
wordex_ngắt,Cuộc gọi bị ngắt giữa chừng,The call got cut off midway,
wordex_dắt,Bà dắt cháu đi qua đường,Grandma leads her grandchild across the street,
wordex_vong,Đừng vong ơn người đã giúp mình,Don't forget the kindness of those who helped you,
wordex_thạch,Các nhà khoa học tìm thấy hóa thạch,Scientists found a fossil,
wordex_tầu,Chiếc tầu rời bến đúng giờ,The ship left the port on time,
wordex_rủa,Đừng nguyền rủa người khác,Don't curse other people,
wordex_trữ,Chúng tôi dự trữ lương thực,We stock up on food supplies,
wordex_đứt,Sợi dây bị đứt,The rope snapped,
wordex_kỵ,Số bốn bị kiêng kỵ ở một số nước châu Á,The number four is taboo in some Asian countries,
wordex_gậy,Ông cụ chống gậy đi bộ,The old man walks with a cane,
wordex_mớ,Cô ấy mua một mớ rau,She bought a bunch of vegetables,
wordex_kênh,Tôi chuyển sang kênh khác,I switch to a different channel,
wordex_bút,Cho tôi mượn cây bút,Let me borrow a pen,
wordex_nhấn,Nhấn nút để bật đèn,Press the button to turn on the light,
wordex_ghép,Hai mảnh này ghép lại vừa khít,These two pieces fit together perfectly,
wordex_vang,Tiếng chuông vang khắp làng,The bell's sound echoes throughout the village,
wordex_móng,Cô ấy sơn móng tay màu đỏ,She paints her nails red,
wordex_thuần,Đây là giống chó thuần Việt,This is a purebred Vietnamese dog breed,
wordex_tỏa,Ánh sáng tỏa khắp căn phòng,Light spreads throughout the room,
wordex_khúc,Anh ấy chơi một khúc nhạc hay,He plays a beautiful piece of music,
wordex_đạc,Kỹ sư đo đạc khu đất,The engineer surveys the land,
wordex_xông,Cảnh sát xông vào bắt tội phạm,Police stormed in to catch the criminal,
wordex_bể,Cái ly bị bể rồi,The glass is broken,
wordex_cài,Tôi cài đặt ứng dụng mới,I install a new app,
wordex_hiền,Bà tôi rất hiền,My grandmother is very gentle,
wordex_nhá,Đi thôi nhá?,"Let's go, okay? (southern particle)",
wordex_xô,Đừng xô đẩy nhau,Don't push each other,
wordex_cưỡng,Không ai được cưỡng ép người khác,No one should force others,
wordex_cống,Nước mưa chảy xuống cống,Rainwater flows down the sewer,
wordex_cựu,Ông ấy là cựu chiến binh,He's a veteran,
wordex_voi,Con voi có cái vòi dài,The elephant has a long trunk,
wordex_chăn,"Trời lạnh, đắp chăn vào","It's cold, cover yourself with the blanket",
wordex_đo,Bác sĩ đo huyết áp cho tôi,The doctor measures my blood pressure,
wordex_nạp,Tôi cần nạp tiền điện thoại,I need to top up my phone credit,
wordex_xài,Đừng xài tiền hoang phí,Don't spend money wastefully,
wordex_nhạy,Da của tôi khá nhạy cảm,My skin is quite sensitive,
wordex_xí,Tôi xí chỗ này trước rồi,I claimed this spot first,
wordex_dàn,Dàn diễn viên trong phim rất giỏi,The cast in the movie is very talented,
wordex_sờ,Đừng sờ vào đồ triển lãm,Don't touch the exhibits,
wordex_chóc,Vườn nhà tôi có nhiều chim chóc,My garden has many birds,
wordex_nỗ,Anh ấy nỗ lực rất nhiều,He puts in a lot of effort,
wordex_cường,Cường độ ánh sáng rất mạnh,The light intensity is very strong,
wordex_cạo,Anh ấy cạo râu mỗi sáng,He shaves every morning,
wordex_vắng,Lớp học hôm nay khá vắng,The class is quite empty today,
wordex_tảng,Có một tảng đá lớn chắn đường,There's a large boulder blocking the road,
wordex_rỗng,Cái hộp này rỗng không,This box is completely empty,
wordex_hưu,Ông tôi vừa nghỉ hưu,My grandfather just retired,
wordex_cấu,Cấu trúc tòa nhà rất vững chắc,The building's structure is very sturdy,
wordex_dãy,Chúng tôi ngồi ở dãy ghế đầu,We sit in the front row,
wordex_lật,Cô ấy lật trang sách,She flips the page of the book,
wordex_độn,Cái gối này độn bông,This pillow is stuffed with cotton,
wordex_dại,Con chó bị dại rất nguy hiểm,A rabid dog is very dangerous,
wordex_hắc,Bầu trời tối hắc ám,The sky is pitch dark,
wordex_mờ,Kính bị mờ vì hơi nước,The glasses are fogged up from steam,
wordex_hiển,Điều đó là hiển nhiên,That's obvious,
wordex_đô-la,Tôi đổi tiền sang đô-la,I exchange money into dollars,
wordex_tráng,Anh ấy tráng một lớp sơn mới,He applies a new coat of paint,
wordex_nốt,Cô ấy đọc từng nốt nhạc,She reads each musical note,
wordex_quấy,Đừng quấy rầy tôi lúc này,Don't disturb me right now,
wordex_gõ,Ai đó đang gõ cửa,Someone is knocking on the door,
wordex_nho,Tôi mua một chùm nho,I bought a bunch of grapes,
wordex_đoạt,Đội tuyển đoạt huy chương vàng,The team won the gold medal,
wordex_chém,Anh ấy chém một nhát dao,He slashed once with a knife,
wordex_đãi,Tôi mời bạn đãi một bữa ăn ngon,I'll treat you to a nice meal,
wordex_dược,Cô ấy làm việc trong ngành dược phẩm,She works in the pharmaceutical industry,
wordex_khoái,Tôi khoái món này lắm,I really enjoy this dish,
wordex_radio,Tôi nghe tin tức trên radio,I listen to the news on the radio,
wordex_nọ,Người đàn ông nọ trông rất quen,That man looks very familiar,
wordex_khấu,Tiền lương bị khấu trừ thuế,The salary has tax deducted,
wordex_lăn,Quả bóng lăn xuống dốc,The ball rolls down the slope,
wordex_lỏng,Ốc vít này bị lỏng,This screw is loose,
wordex_cừu,Đàn cừu gặm cỏ trên đồi,The flock of sheep grazes on the hill,
wordex_xíu,Đợi tôi một xíu nữa,Wait a little bit more for me,
wordex_mây,Bầu trời đầy mây,The sky is full of clouds,
wordex_bầy,Một bầy chim bay qua,A flock of birds flies over,
wordex_toà,Vụ án được đưa ra toà,The case was brought to court,
wordex_té,Cẩn thận kẻo té ngã,Be careful or you'll fall (southern),
wordex_chuộc,Anh ấy muốn chuộc lại lỗi lầm,He wants to redeem his mistake,
wordex_viêm,Cô ấy bị viêm họng,She has a throat inflammation,
wordex_lồng,Con chim ở trong lồng,The bird is in the cage,
wordex_dỗ,Mẹ dỗ em bé nín khóc,Mom soothes the baby to stop crying,
wordex_cò,Con cò đứng trên ruộng,The stork stands in the rice field,
wordex_nuốt,Tôi nuốt viên thuốc,I swallow the pill,
wordex_lê,Anh ấy lê bước về nhà,He drags his feet home,
wordex_ơ,"Ơ, sao lại thế này?","Huh, why is it like this?",
wordex_run,Tay tôi run vì lạnh,My hands shiver from the cold,
wordex_ngộ,Nhà sư ngộ ra chân lý,The monk realizes the truth,
wordex_nhu,Cô ấy có tính cách nhu mì,She has a gentle personality,
wordex_bù,Công ty bù đắp thiệt hại,The company compensates for the loss,
wordex_su,Tôi nấu canh su su,I cook chayote soup,
wordex_bẻ,Anh ấy bẻ một nhánh cây,He breaks off a tree branch,
wordex_vạn,Thành phố có hàng vạn dân,The city has tens of thousands of people,
wordex_lạp,Tôi mua một cân lạp xưởng,I bought a kilo of Chinese sausage,
wordex_mực,Chúng tôi ăn mực nướng,We eat grilled squid,
wordex_xà,Rửa tay bằng xà phòng,Wash your hands with soap,
wordex_đai,Anh ấy đạt đai đen karate,He earned a black belt in karate,
wordex_ranh,Con đường này là ranh giới hai tỉnh,This road is the boundary between two provinces,
wordex_trưng,Bảo tàng trưng bày cổ vật,The museum displays antiques,
wordex_hằng,Cô ấy tập thể dục hằng ngày,She exercises every day,
wordex_hố,Có một cái hố sâu trên đường,There's a deep pit on the road,
wordex_rung,Điện thoại tôi đang rung,My phone is vibrating,
wordex_thói,Anh ấy có thói quen dậy sớm,He has the habit of waking up early,
wordex_rưỡi,Bây giờ là năm giờ rưỡi,It's five thirty now,
wordex_hạm,Hạm đội hải quân ra khơi,The naval fleet sets sail,
wordex_nhấc,Anh ấy nhấc chiếc va li lên,He lifts up the suitcase,
wordex_tẩy,Cô ấy tẩy vết bẩn trên áo,She removes the stain on her shirt,
wordex_vặt,Đừng bận tâm những chuyện vặt vãnh,Don't worry about trivial things,
wordex_lăng,Chúng tôi tham quan lăng vua,We visit the king's mausoleum,
wordex_mại,Hai nước ký hiệp định thương mại,The two countries sign a trade agreement,
wordex_trích,Tôi trích một đoạn văn hay,I quote a beautiful passage,
wordex_châm,Bà tôi hay đi châm cứu,My grandmother often gets acupuncture,
wordex_cưỡi,Trẻ em thích cưỡi ngựa,Children like to ride horses,
wordex_vịt,Trang trại nuôi vịt và gà,The farm raises ducks and chickens,
wordex_giùm,Bạn xách giùm tôi cái này nhé,Please carry this for me,
wordex_dịp,Đây là dịp tốt để gặp nhau,This is a good occasion to meet,
wordex_tát,Cô ấy tát vào mặt hắn,She slapped his face,
wordex_tiềm,Anh ấy có tiềm năng lớn,He has great potential,
wordex_ối,"Ối, đau quá!","Ouch, that hurts!",
wordex_đỗ,Cô ấy đỗ đại học năm nay,She passed the university entrance exam this year,
wordex_giảng,Giáo sư giảng bài rất dễ hiểu,The professor lectures very clearly,
wordex_rớt,Anh ấy rớt kỳ thi,He failed the exam (southern),
wordex_nhện,Có một con nhện trên tường,There's a spider on the wall,
wordex_muôn,Chúc bạn muôn sự như ý,Wishing you ten thousand blessings,
wordex_xăm,Anh ấy xăm hình trên cánh tay,He has a tattoo on his arm,
wordex_lắc,Cô ấy lắc đầu từ chối,She shakes her head to refuse,
wordex_tông,Xe máy tông vào cột điện,The motorbike crashed into the power pole,
wordex_phun,Vòi phun nước hoạt động,The water sprinkler is running,
wordex_non,Lá non mới mọc,New tender leaves have sprouted,
wordex_gài,Anh ấy gài bẫy con thú,He sets a trap for the animal,
wordex_muối,Cho thêm một chút muối,Add a bit more salt,
wordex_lắp,Thợ điện lắp bóng đèn mới,The electrician installs a new light bulb,
wordex_tiễn,Chúng tôi ra sân bay tiễn bạn,We go to the airport to see our friend off,
wordex_cúp,Đội vô địch nhận cúp vàng,The champion team receives the gold trophy,
wordex_kiệm,Bà tôi sống rất tiết kiệm,My grandmother lives very frugally,
wordex_bột,Mẹ trộn bột làm bánh,Mom mixes flour to make cake,
wordex_chiên,Tôi chiên trứng cho bữa sáng,I fry eggs for breakfast,
wordex_nón,Bà đội nón lá đi chợ,Grandma wears a conical hat to the market,
wordex_chằm,Anh ấy nhìn chằm chằm vào tôi,He stares intently at me,
wordex_tăm,Cho tôi xin cây tăm,Give me a toothpick,
wordex_súc,Nông dân nuôi gia súc,Farmers raise livestock,
wordex_thâm,Mắt tôi bị thâm quầng,My eyes have dark circles,
wordex_phú,Gia đình đó rất phú quý,That family is very wealthy,
wordex_hở,Áo này hơi hở quá,This shirt is a bit too revealing,
wordex_vất,Công việc này rất vất vả,This work is very hard,
wordex_đẳng,Anh ấy đạt đẳng cấp cao,He achieved a high level,
wordex_bã,Đổ bã cà phê đi,Throw away the coffee grounds,
wordex_sẹo,Vết thương để lại sẹo,The wound left a scar,
wordex_tật,Anh ấy có tật nói lắp,He has a stutter,
wordex_tần,Điều chỉnh tần số radio,Adjust the radio frequency,
wordex_lột,Anh ấy lột vỏ trái cây,He peels the fruit,
wordex_xá,Xin xá tội cho tôi,Please forgive my sin (archaic/formal),
wordex_thầm,Cô ấy thầm yêu anh ấy,She secretly loves him,
wordex_đậy,Đậy nắp nồi lại,Cover the pot with the lid,
wordex_tản,Đám đông tản ra sau sự kiện,The crowd dispersed after the event,
wordex_tê,Chân tôi bị tê,My leg is numb,
wordex_nhã,Cô ấy ăn mặc rất tao nhã,She dresses very elegantly,
wordex_rưởi,Tôi chờ khoảng một tiếng rưởi,I waited about an hour and a half,
wordex_mu,Vết sẹo ở mu bàn tay anh ấy,There's a scar on the back of his hand,
wordex_điếu,Anh ấy hút một điếu thuốc,He smokes a cigarette,
wordex_rủi,Đó chỉ là một rủi ro nhỏ,That's just a small risk,
wordex_pizza,Chúng tôi gọi pizza cho bữa tối,We order pizza for dinner,
wordex_kiêu,Đừng kiêu ngạo như vậy,Don't be so arrogant,
wordex_xộn,Phòng của tôi hơi lộn xộn,My room is a bit messy,
wordex_luân,Chúng tôi luân phiên trực đêm,We take turns on night shift,
wordex_gươm,Vị tướng cầm thanh gươm sắc bén,The general holds a sharp sword,
wordex_rỉ,Cái đinh bị rỉ sét,The nail is rusted,
wordex_dập,Lính cứu hỏa dập tắt đám cháy,Firefighters put out the fire,
wordex_đáy,Có gì đó dưới đáy hồ,There's something at the bottom of the lake,
wordex_múa,Các em nhỏ múa trên sân khấu,The children dance on stage,
wordex_dâng,Người dân dâng hương tưởng niệm,The people offer incense in remembrance,
wordex_quí,Đây là món quà rất quí,This is a very precious gift,
wordex_két,Tiền được cất trong két sắt,The money is kept in the safe,
wordex_lọ,Cho tôi một lọ nước hoa,Give me a bottle of perfume,
wordex_gớm,Mùi này gớm quá,This smell is disgusting,
wordex_kèn,Anh ấy thổi kèn trong ban nhạc,He plays the trumpet in the band,
wordex_sét,Một tia sét đánh xuống cây,A lightning bolt strikes the tree,
wordex_rập,Mọi thứ được làm theo khuôn rập,Everything is made following the same template,
wordex_buồng,Bệnh nhân nằm trong buồng bệnh,The patient lies in the hospital room,
wordex_dịu,Giọng nói của cô ấy rất dịu dàng,Her voice is very gentle,
wordex_chuồn,Anh ấy lặng lẽ chuồn khỏi buổi họp,He quietly slipped out of the meeting,
wordex_đè,Đừng đè lên chân tôi,Don't press on my foot,
wordex_lây,Bệnh này rất dễ lây,This disease is very contagious,
wordex_tị,Đừng ganh tị với bạn bè,Don't be jealous of your friends,
wordex_lùn,Cây này khá lùn so với những cây khác,This tree is quite short compared to others,
wordex_chuyền,Cầu thủ chuyền bóng cho đồng đội,The player passes the ball to a teammate,
wordex_chớp,Bầu trời chớp sáng liên tục,The sky flashes continuously,
wordex_khảo,Nhà khoa học khảo sát khu vực,The scientist surveys the area,
wordex_banh,Đá banh với tụi tôi không?,Want to play soccer with us? (southern),
wordex_thiêng,Ngôi đền này rất thiêng,This temple is very sacred,
wordex_dơ,Tay tôi bị dơ,My hands are dirty (southern),
wordex_yểm,Thầy phong thủy yểm bùa trừ tà,The feng shui master casts a charm to ward off evil,
wordex_trèo,Đứa trẻ trèo lên cây,The child climbs the tree,
wordex_chày,Bà giã tỏi bằng chày,Grandma crushes garlic with a pestle,
wordex_nhằm,Kế hoạch này nhằm cải thiện chất lượng,This plan aims to improve quality,
wordex_bùa,Ông ấy đeo một lá bùa hộ mệnh,He wears a protective amulet,
wordex_hàm,Câu nói đó có hàm ý sâu xa,That statement has a deep implication,
wordex_lố,Bộ trang phục đó hơi lố,That outfit is a bit over the top,
wordex_phổ,Món phở rất phổ biến ở Việt Nam,Phở is very common in Vietnam,
wordex_còng,Cảnh sát còng tay nghi phạm,The police handcuff the suspect,
wordex_khỏa,Bức tượng khỏa thân trong bảo tàng,The nude statue in the museum,
wordex_tui,Tui không biết đâu,"I don't know (informal, southern)",
wordex_nhở,Đi ăn thôi nhở?,"Let's go eat, shall we?",
wordex_ngẫu,Chúng tôi gặp nhau một cách ngẫu nhiên,We met each other by random chance,
wordex_dê,Con dê ăn cỏ trên núi,The goat eats grass on the mountain,
wordex_vay,Tôi vay tiền ngân hàng để mua nhà,I borrow money from the bank to buy a house,
wordex_thép,Cây cầu này làm bằng thép,This bridge is made of steel,
wordex_cà-phê,Tôi uống cà-phê mỗi sáng,I drink coffee every morning,
wordex_sánh,Không ai sánh bằng cô ấy,No one compares to her,
wordex_vịnh,Vịnh Hạ Long rất đẹp,Ha Long Bay is very beautiful,
wordex_trầm,Giọng anh ấy rất trầm,His voice is very deep,
wordex_chuỗi,Đây là một chuỗi sự kiện liên tiếp,This is a series of consecutive events,
wordex_thuỷ,Chúng tôi đi du lịch bằng đường thuỷ,We travel by waterway,
wordex_nếm,Đầu bếp nếm thử món ăn,The chef tastes the dish,
wordex_thung,Ngôi làng nằm trong một thung lũng,The village lies in a valley,
wordex_sưu,Anh ấy thích sưu tầm tem,He likes collecting stamps,
wordex_đính,Tôi đính kèm tài liệu trong email,I attach the document in the email,
wordex_vỗ,Khán giả vỗ tay nhiệt liệt,The audience applauds enthusiastically,
wordex_khinh,Đừng khinh thường người khác,Don't look down on others,
wordex_bịch,Cho tôi một bịch kẹo,Give me a bag of candy,
wordex_chuồng,Con gà ở trong chuồng,The chicken is in the coop,
wordex_lờ,Anh ấy lờ đi lời khuyên của tôi,He ignores my advice,
wordex_ngư,Ngư dân ra khơi đánh cá,Fishermen go out to sea to fish,
wordex_quãng,Chúng tôi đi được một quãng đường dài,We traveled a long stretch of road,
wordex_phiêu,Anh ấy thích những chuyến phiêu lưu,He loves adventures,
wordex_dán,Tôi dán tem lên phong bì,I stick a stamp on the envelope,
wordex_uy,Ông ấy có uy tín trong công ty,He has prestige in the company,
wordex_chĩa,Đừng chĩa súng vào người khác,Don't point a gun at people,
wordex_vải,Cửa hàng bán nhiều loại vải,The shop sells many kinds of fabric,
wordex_vạch,Anh ấy vạch một đường thẳng,He draws a straight line,
wordex_sườn,Món sườn nướng rất ngon,The grilled ribs are delicious,
wordex_tể,Trong triều có một vị tể tướng,In the royal court there was a prime minister,
wordex_lũng,Ngôi làng nằm sâu trong thung lũng hẹp,The village sits deep in a narrow valley,
wordex_đấng,Người ta cầu nguyện đấng tối cao,People pray to the supreme being,
wordex_rock,Anh ấy thích nghe nhạc rock,He likes listening to rock music,
wordex_sảnh,Chúng tôi gặp nhau ở sảnh khách sạn,We meet in the hotel lobby,
wordex_căm,Cô ấy căm ghét sự bất công,She resents injustice,
wordex_nã,Cảnh sát truy nã tên tội phạm,The police search for the wanted criminal,
wordex_chinh,Đoàn quân chinh phục vùng đất mới,The army conquers new territory,
wordex_nhị,Đây là chương thứ nhị của cuốn sách,This is the second chapter of the book,
wordex_liễu,Cây liễu rủ bên hồ,The willow tree droops by the lake,
wordex_củ,Mẹ mua vài củ khoai tây,Mom buys a few potatoes,
wordex_khử,Bệnh viện khử trùng dụng cụ y tế,The hospital sterilizes medical equipment,
wordex_ham,Đừng ham lợi trước mắt,Don't be greedy for immediate gain,
wordex_quầy,Tôi xếp hàng ở quầy thanh toán,I line up at the checkout counter,
wordex_búp,Cô bé chơi với búp bê,The little girl plays with a doll,
wordex_lấp,Công nhân lấp ổ gà trên đường,Workers fill in the pothole on the road,
wordex_khao,Anh ấy khao cả nhóm một bữa ăn,He treats the whole group to a meal,
wordex_cớ,Anh ấy tìm cớ để nghỉ làm,He finds an excuse to skip work,
wordex_kẹp,Cô ấy dùng kẹp giấy,She uses a paper clip,
wordex_láo,Đừng nói láo với tôi,Don't lie to me rudely,
wordex_thiểu,Đây là vùng dân tộc thiểu số,This is an ethnic minority region,
wordex_bơ,Phết bơ lên bánh mì,Spread butter on the bread,
wordex_đợt,Đây là đợt hàng mới nhất,This is the latest batch of goods,
wordex_diệp,Lá cây có màu xanh nhờ diệp lục,Leaves are green thanks to chlorophyll,
wordex_khán,Khán giả vỗ tay nồng nhiệt,The audience applauds warmly,
wordex_rể,Anh ấy là con rể của tôi,He's my son-in-law,
wordex_ngất,Cô ấy ngất xỉu vì trời nóng,She fainted from the heat,
wordex_sọ,Bác sĩ chụp x-quang sọ não,The doctor takes an x-ray of the skull,
wordex_nhường,Hãy nhường ghế cho người già,Please give up your seat for the elderly,
wordex_nàn,Cuộc sống của họ khá nghèo nàn,Their life is quite impoverished,
wordex_khẳng,Anh ấy khẳng định điều đó là đúng,He affirms that it's true,
wordex_khôi,Chính phủ khôi phục lại nền kinh tế,The government restores the economy,
wordex_nghịch,Đứa bé rất nghịch ngợm,The kid is very naughty,
wordex_lượn,Con diều lượn trên bầu trời,The kite glides in the sky,
wordex_điền,Vui lòng điền vào biểu mẫu,Please fill in the form,
wordex_tặc,Tin tặc tấn công hệ thống máy tính,Hackers attack the computer system,
wordex_dội,Tiếng nổ dội lại từ xa,The explosion's sound echoes from afar,
wordex_hãm,Anh ấy hãm phanh gấp,He slams on the brakes,
wordex_cẩu,Xe cẩu kéo chiếc xe hỏng đi,The tow truck pulls the broken car away,
wordex_sắm,Chúng tôi đi sắm đồ Tết,We go shopping for Tet,
wordex_nhổ,Nha sĩ nhổ một cái răng sâu,The dentist pulls out a decayed tooth,
wordex_xả,Đừng xả rác xuống sông,Don't dump trash into the river,
wordex_lung,Chiếc ghế này lung lay quá,This chair is too wobbly,
wordex_nâu,Cô ấy có mái tóc nâu,She has brown hair,
wordex_tứ,Anh ấy đứng hạng tứ trong cuộc thi,He ranked fourth in the competition,
wordex_lận,Anh ấy gặp nhiều lận đận trong đời,He faced a lot of hardship in life,
wordex_giọt,Một giọt mưa rơi xuống,A drop of rain falls,
wordex_đố,Tôi đố bạn giải câu này,I challenge you to solve this riddle,
wordex_hãnh,Cha mẹ rất hãnh diện về con,Parents are very proud of their child,
wordex_tè,Em bé muốn đi tè,The baby wants to pee,
wordex_xỉn,Anh ấy uống say xỉn tối qua,He got drunk last night,
wordex_xách,Cô ấy xách túi đi chợ,She carries a bag to the market,
wordex_toa,Chúng tôi ngồi toa số ba,We sit in train car number three,
wordex_rạp,Chúng tôi đi xem phim ở rạp,We go watch a movie at the theater,
wordex_moi,Cảnh sát moi thông tin từ nghi phạm,The police extract information from the suspect,
wordex_ngây,Đứa trẻ có ánh mắt ngây thơ,The child has innocent eyes,
wordex_quăng,Anh ấy quăng quả bóng đi xa,He tosses the ball far away,
wordex_quậy,Đừng quậy phá trong lớp,Don't cause trouble in class,
wordex_chổ,Ngồi ở chổ này đi,Sit in this spot (informal spelling),
wordex_vẹn,Tôi muốn giữ vẹn toàn lời hứa,I want to keep my promise completely,
wordex_chẩn,Bác sĩ chẩn đoán bệnh chính xác,The doctor diagnoses the illness accurately,
wordex_hỡi,"Hỡi các bạn, hãy lắng nghe tôi","Friends, please listen to me",
wordex_alo,"Alo, tôi nghe đây","Hello, I'm listening",
wordex_hoà,Trận đấu kết thúc với tỉ số hoà,The match ended in a draw,
wordex_thước,Dùng thước để đo chiều dài,Use a ruler to measure the length,
wordex_rỗi,Cuối tuần tôi khá rỗi,I'm quite free this weekend,
wordex_ngô,Ruộng ngô xanh mướt,The corn field is lush green,
wordex_vuốt,Cô ấy vuốt tóc con,She strokes her child's hair,
wordex_êm,Chiếc xe chạy rất êm,The car runs very smoothly,
wordex_tro,Tro bay khắp căn phòng,Ash flies all over the room,
wordex_ngụy,Đừng nghe theo lời ngụy biện,Don't listen to sophistry,
wordex_khơi,Câu chuyện khơi lại ký ức cũ,The story stirs up old memories,
wordex_bơm,Tôi bơm bánh xe đạp,I pump up the bicycle tire,
wordex_xui,Hôm nay tôi xui quá,I'm so unlucky today,
wordex_cấy,Nông dân cấy lúa vào mùa xuân,Farmers plant rice seedlings in spring,
wordex_xưng,Anh ấy xưng tên với mọi người,He introduces his name to everyone,
wordex_bậy,Đừng nói bậy trước mặt trẻ con,Don't curse in front of children,
wordex_nhạt,Món canh này hơi nhạt,This soup is a bit bland,
wordex_xoa,Mẹ xoa dầu vào lưng tôi,Mom rubs oil on my back,
wordex_thịnh,Đất nước ngày càng thịnh vượng,The country is becoming more and more prosperous,
wordex_chèo,Chúng tôi chèo thuyền trên sông,We row the boat on the river,
wordex_khung,Bức tranh có một khung gỗ đẹp,The painting has a beautiful wooden frame,
wordex_nít,Đó chỉ là trò con nít,That's just child's play,
wordex_đoan,Cô ấy ăn mặc rất đoan trang,She dresses very modestly,
wordex_màng,Trứng có một lớp màng mỏng,The egg has a thin membrane,
wordex_nhì,Anh ấy đạt giải nhì,He won second prize,
wordex_lánh,Họ lánh nạn đến vùng an toàn,They fled to a safe area,
wordex_duyên,Cô ấy có duyên khi cười,She has charm when she smiles,
wordex_phiến,Có một phiến đá lớn ở đây,There's a large stone slab here,
wordex_rèn,Anh ấy rèn luyện sức khỏe mỗi ngày,He trains his health every day,
wordex_côi,Đứa trẻ mồ côi cha mẹ,The child is orphaned,
wordex_sòng,Anh ấy thua tiền ở sòng bạc,He lost money at the casino,
wordex_cõi,Người ta tin vào cõi sau khi chết,People believe in the afterlife,
wordex_sập,Mái nhà bị sập vì bão,The roof collapsed because of the storm,
wordex_nấp,Chúng tôi nấp sau bụi cây,We hide behind the bush,
wordex_ngai,Vua ngồi trên ngai vàng,The king sits on the golden throne,
wordex_tẩu,Ông cụ hút tẩu thuốc,The old man smokes a pipe,
wordex_khoe,Cô ấy khoe chiếc váy mới,She shows off her new dress,
wordex_dặn,Mẹ dặn tôi cẩn thận khi đi đường,Mom reminds me to be careful on the road,
wordex_ruồi,Có một con ruồi bay quanh,There's a fly buzzing around,
wordex_buồm,Chiếc thuyền căng buồm ra khơi,The boat hoists its sail and heads out to sea,
wordex_đam,Anh ấy rất đam mê âm nhạc,He's very passionate about music,
wordex_a-lô,"A-lô, ai đang gọi vậy?","Hello, who's calling?",
wordex_khuẩn,Rửa tay để diệt vi khuẩn,Wash your hands to kill bacteria,
wordex_choàng,Cô ấy choàng khăn qua vai,She drapes a scarf over her shoulders,
wordex_khéo,Cô ấy rất khéo tay,She's very skillful with her hands,
wordex_tọa,Ngôi chùa tọa lạc trên đồi,The pagoda is located on the hill,
wordex_phàn,Khách hàng phàn nàn về dịch vụ,Customers complain about the service,
wordex_bùng,Dịch bệnh bùng phát nhanh chóng,The epidemic breaks out rapidly,
wordex_thấu,Tôi không thể thấu hiểu hết mọi chuyện,I can't fully understand everything,
wordex_lẩn,Anh ấy lẩn tránh câu hỏi,He evades the question,
wordex_gen,Bệnh này liên quan đến gen di truyền,This disease is related to genetics,
wordex_quặc,Anh ấy có tính cách khá kỳ quặc,He has a rather odd personality,
wordex_soi,Cô ấy soi gương mỗi sáng,She looks in the mirror every morning,
wordex_bịa,Đừng bịa chuyện,Don't make up stories,
wordex_náo,Khu chợ rất náo nhiệt,The market is very bustling,
wordex_chốn,Đây là chốn bình yên của tôi,This is my peaceful place,
wordex_lậu,Hàng lậu bị hải quan tịch thu,Smuggled goods were confiscated by customs,
wordex_ngột,Căn phòng ngột ngạt vì đông người,The room is stifling because of the crowd,
wordex_đầm,Cô ấy mặc một chiếc đầm dài,She wears a long dress,
wordex_mỏng,Chiếc điện thoại này rất mỏng,This phone is very thin,
wordex_khờ,Đừng ngây thơ và khờ dại như vậy,Don't be so naive and foolish,
wordex_am,Anh ấy am hiểu về lịch sử,He's well-versed in history,
wordex_cặn,Đáy ly còn lại cặn cà phê,There's coffee residue left at the bottom of the cup,
wordex_oxy,Cây xanh tạo ra oxy,Green plants produce oxygen,
wordex_ráng,"Ráng lên, sắp xong rồi","Try hard, we're almost done",
wordex_phô,Đừng phô trương sự giàu có,Don't flaunt your wealth,
wordex_dồn,Công việc dồn lại quá nhiều,Work has piled up too much,
wordex_miêu,Nhà văn miêu tả cảnh vật rất sinh động,The writer describes the scenery very vividly,
wordex_trọn,Tôi dành trọn thời gian cho gia đình,I dedicate all my time to family,
wordex_hử,Cái gì hử?,"What is it, huh?",
wordex_nở,Hoa mai nở vào dịp Tết,Apricot blossoms bloom during Tet,
wordex_nét,Cô ấy có nét mặt hiền hòa,She has a gentle facial feature,
wordex_hẹp,Con hẻm này rất hẹp,This alley is very narrow,
wordex_lam,Bầu trời màu lam nhạt,The sky is pale blue,
wordex_tà,Bộ phim nói về cuộc chiến giữa chính và tà,The movie is about the battle between good and evil,
wordex_lơ,Đừng lơ là việc học,Don't neglect your studies,
wordex_vồ,Con mèo vồ lấy con chuột,The cat pounces on the mouse,
wordex_búa,Anh ấy dùng búa đóng đinh,He uses a hammer to drive the nail,
wordex_chục,Cho tôi một chục trứng,Give me a dozen eggs,
wordex_túng,Gia đình đang túng thiếu,The family is short of money,
wordex_mãnh,Con hổ là loài thú mãnh liệt,The tiger is a fierce animal,
wordex_ào,Mưa ào ạt suốt đêm,It rained torrentially all night,
wordex_đao,Vị tướng cầm thanh đao,The general holds a broadsword,
wordex_dời,Chúng tôi dời nhà đến thành phố mới,We relocate to a new city,
wordex_sương,Buổi sáng có sương mù dày đặc,The morning has thick fog,
wordex_chun,Quần này có dây chun ở eo,These pants have an elastic waistband,
wordex_mĩ,Cảnh vật nơi đây thật mĩ lệ,The scenery here is truly beautiful,
wordex_ngạo,Đừng kiêu ngạo với người khác,Don't be arrogant toward others,
wordex_gạch,Ngôi nhà xây bằng gạch đỏ,The house is built with red bricks,
wordex_mẻ,Đây là mẻ bánh đầu tiên,This is the first batch of bread,
wordex_nhuận,Công ty đạt lợi nhuận cao,The company achieved high profit,
wordex_lướt,Tôi thích lướt web vào buổi tối,I like browsing the web in the evening,
wordex_gai,Cây hồng có nhiều gai,The rose bush has many thorns,
wordex_vã,Anh ấy làm việc rất vất vã,He works very hard,
wordex_cáu,Đừng cáu gắt với tôi,Don't be irritated with me,
wordex_xuôi,Chúng tôi chèo thuyền xuôi dòng,We row the boat downstream,
wordex_trêu,Đừng trêu em gái tôi,Don't tease my little sister,
wordex_thê,Cảnh tượng đó thật thê thảm,That scene was truly tragic,
wordex_chì,Cho tôi mượn cây bút chì,Let me borrow a pencil,
wordex_men,Bánh mì cần có men để nở,Bread needs yeast to rise,
wordex_nghiền,Máy nghiền cà phê rất ồn,The coffee grinder is very loud,
wordex_xám,Bầu trời hôm nay màu xám,The sky is gray today,
wordex_khái,Tôi chưa hiểu rõ khái niệm này,I don't fully understand this concept yet,
wordex_lọt,Đồng xu lọt vào khe hở,The coin fell into the gap,
wordex_súp,Tôi gọi một tô súp gà,I order a bowl of chicken soup,
wordex_tím,Cô ấy mặc một chiếc áo tím,She wears a purple shirt,
wordex_khuất,Mặt trời khuất sau ngọn núi,The sun disappears behind the mountain,
wordex_nhãn,Đọc kỹ nhãn sản phẩm trước khi dùng,Read the product label carefully before use,
wordex_đũa,Cho tôi thêm một đôi đũa,Give me another pair of chopsticks,
wordex_chửi,Đừng chửi người khác,Don't curse at others,
wordex_đẽ,Cô bé rất xinh đẽ,The little girl is very pretty,
wordex_piano,Cô ấy chơi piano rất hay,She plays the piano very well,
wordex_nguyệt,Đây là báo nguyệt san,This is a monthly magazine,
wordex_bướm,Con bướm bay quanh vườn hoa,The butterfly flies around the flower garden,
wordex_nến,Chúng tôi thắp nến sinh nhật,We light birthday candles,
wordex_nghiệt,Số phận của cô ấy thật nghiệt ngã,Her fate was truly harsh,
wordex_cán,Cầm chắc cán dao,Hold the knife handle firmly,
wordex_gũi,Chúng tôi rất gần gũi với nhau,We're very close to each other,
wordex_kiềm,Anh ấy cố kiềm chế cơn giận,He tries to restrain his anger,
wordex_dưa,Tôi thích ăn dưa hấu,I like eating watermelon,
wordex_lẻn,Ai đó lẻn vào nhà lúc nửa đêm,Someone sneaked into the house at midnight,
wordex_soạn,Cô giáo soạn bài giảng,The teacher prepares the lesson,
wordex_bôi,Bôi kem lên vết thương,Apply cream on the wound,
wordex_đắm,Con tàu bị đắm ngoài khơi,The ship sank offshore,
wordex_hiếu,Con cái phải có hiếu với cha mẹ,Children must be filial to their parents,
wordex_vần,Bài thơ này có vần điệu hay,This poem has a nice rhyme,
wordex_bưu,Tôi gửi thư qua bưu điện,I send the letter through the post office,
wordex_líu,Đàn chim hót líu lo,The flock of birds chirps melodiously,
wordex_đan,Bà tôi đan một chiếc khăn len,My grandmother knits a wool scarf,
wordex_huệ,Cô ấy mua một bó hoa huệ,She buys a bunch of lilies,
wordex_sừng,Con trâu có cặp sừng lớn,The buffalo has a large pair of horns,
wordex_ngầu,Chiếc xe này trông rất ngầu,This car looks really cool,
wordex_mộc,Ngôi nhà có phong cách mộc mạc,The house has a rustic style,
wordex_vòi,Con voi dùng vòi để uống nước,The elephant uses its trunk to drink water,
wordex_rực,Hoàng hôn rực rỡ trên biển,The sunset blazes over the sea,
wordex_nảy,Một ý tưởng hay nảy ra trong đầu tôi,A good idea popped into my head,
wordex_len,Bà tôi đan áo len,My grandmother knits a wool sweater,
wordex_bóc,Tôi bóc vỏ cam,I peel the orange,
wordex_khống,Chính phủ khống chế dịch bệnh,The government controls the epidemic,
wordex_nhích,Xe cộ nhích từng chút một,Traffic inches forward little by little,
wordex_thét,Anh ấy thét lên vì đau,He screams out in pain,
wordex_nhai,Nhai kỹ trước khi nuốt,Chew thoroughly before swallowing,
wordex_nồng,Mùi nước hoa của cô ấy khá nồng,Her perfume smell is quite strong,
wordex_nhúc,Đừng nhúc nhích,Don't budge,
wordex_ngợi,Mọi người ca ngợi lòng dũng cảm của anh ấy,Everyone praises his courage,
wordex_đực,Con gà đực gáy vào buổi sáng,The rooster crows in the morning,
wordex_dốc,Con đường này rất dốc,This road is very steep,
wordex_lề,Đi trên lề đường cho an toàn,Walk on the sidewalk for safety,
wordex_bỗng,Trời bỗng đổ mưa,It suddenly started raining,
wordex_vu,Đừng vu khống người khác,Don't falsely accuse others,
wordex_bịt,Cô ấy bịt tai lại vì tiếng ồn,She covers her ears because of the noise,
wordex_phụng,Ông ấy phụng sự đất nước cả đời,He served the country his whole life,
wordex_lạm,Đừng lạm dụng quyền lực,Don't abuse power,
wordex_vác,Anh ấy vác bao gạo trên vai,He carries a sack of rice on his shoulder,
wordex_lẹ,Làm lẹ lên,Hurry up (southern),
wordex_tý,Chờ tôi một tý,Wait a bit for me,
wordex_ngự,Vua ngự tại kinh thành,The king resides in the capital,
wordex_bẩm,Anh ấy bẩm sinh đã thông minh,He was born intelligent,
wordex_rên,Bệnh nhân rên vì đau,The patient moans in pain,
wordex_bầm,Chân tôi bị bầm tím,My leg is bruised,
wordex_găng,Đeo găng tay khi trời lạnh,Wear gloves when it's cold,
wordex_phơi,Mẹ phơi quần áo ngoài sân,Mom dries the clothes in the yard,
wordex_xót,Tôi thấy xót xa khi nghe chuyện đó,I feel sorry hearing that story,
wordex_lệch,Bức tranh treo bị lệch,The hanging painting is tilted,
wordex_khuyến,Cửa hàng khuyến khích khách mua nhiều,The store encourages customers to buy more,
wordex_sưởi,Chúng tôi ngồi sưởi ấm bên lò,We sit warming ourselves by the stove,
wordex_phế,Nhà máy cũ bị phế bỏ,The old factory was abandoned,
wordex_nạt,Đừng nạt nộ trẻ con,Don't intimidate children,
wordex_vẫy,Cô ấy vẫy tay chào tạm biệt,She waves goodbye,
wordex_cáp,Công nhân lắp đặt cáp điện,Workers install electrical cable,
wordex_trọ,Sinh viên thuê phòng trọ gần trường,Students rent a lodging room near school,
wordex_đùi,Đùi gà rán rất ngon,Fried chicken thighs are delicious,
wordex_cua,Chúng tôi ăn cua rang muối,We eat salt-fried crab,
wordex_xơ,Rau này có nhiều chất xơ,This vegetable has a lot of fiber,
wordex_dinh,Dinh thự này rất nguy nga,This mansion is very grand,
wordex_roi,Ngày xưa thầy dùng roi phạt học trò,"In the past, teachers used a cane to punish students",
wordex_nhạo,Đừng chế nhạo người khác,Don't mock others,
wordex_thây,Trong phim có cảnh thây ma,The movie has a zombie scene,
wordex_trán,Trán anh ấy đổ mồ hôi,His forehead is sweating,
wordex_nhỡ,Nhỡ trời mưa thì sao?,What if it happens to rain?,
wordex_giời,"Giời ơi, sao lại thế này!","Good heavens, why is it like this!",
wordex_hụt,Tôi hụt hẫng vì không đạt được mục tiêu,I felt let down for not reaching my goal,
wordex_bảnh,Anh ấy ăn mặc rất bảnh bao,He dresses very sharply,
wordex_khe,Ánh sáng lọt qua khe cửa,Light shines through the door gap,
wordex_tủy,Bác sĩ lấy mẫu tủy xương,The doctor takes a bone marrow sample,
wordex_hù,Đừng hù tôi như vậy,Don't scare me like that,
wordex_doạ,Anh ấy doạ nghỉ việc,He threatens to quit his job,
wordex_hái,Chúng tôi hái táo trong vườn,We pick apples in the garden,
wordex_phết,Món này ngon phết đấy,This dish is actually quite good,
wordex_nứt,Bức tường bị nứt,The wall has a crack,
wordex_tuệ,Ông ấy có trí tuệ hơn người,He has exceptional wisdom,
wordex_chôm,Ai đó chôm mất cây bút của tôi,Someone swiped my pen,
wordex_bế,Mẹ bế em bé trên tay,Mom carries the baby in her arms,
wordex_lưỡng,Tôi cứ lưỡng lự mãi không quyết định được,I keep hesitating and can't decide,
wordex_gầm,Con sư tử gầm vang cả khu rừng,The lion's roar echoes through the whole forest,
wordex_khiết,Nước suối này rất thanh khiết,This spring water is very pure,
wordex_nhiễu,Tín hiệu bị nhiễu,The signal has interference,
wordex_tôm,Chúng tôi ăn tôm nướng,We eat grilled shrimp,
wordex_nộ,Anh ấy phẫn nộ vì bị lừa dối,He's furious about being deceived,
wordex_đôn,Bà ngồi trên chiếc đôn nhỏ,Grandma sits on the small stool,
wordex_bách,Cây bách xanh tốt quanh năm,The cypress tree is green all year,
wordex_sỉ,Cửa hàng bán sỉ giá rẻ hơn,The wholesale shop has cheaper prices,
wordex_mánh,Anh ấy dùng mánh khóe để lừa người khác,He uses tricks to deceive others,
wordex_lười,Đừng lười biếng như vậy,Don't be so lazy,
wordex_rầy,Mẹ rầy tôi vì về trễ,Mom scolds me for coming home late,
wordex_bong,Trẻ con thích thổi bong bóng,Kids love blowing bubbles,
wordex_phanh,Anh ấy đạp phanh gấp,He slams the brakes,
wordex_gìn,Chúng ta cần gìn giữ truyền thống,We need to preserve traditions,
wordex_sô,Cô ấy tham gia một sô truyền hình,She joins a TV show,
wordex_điếc,Ông cụ bị điếc tai phải,The old man is deaf in the right ear,
wordex_nhúng,Nhúng bánh vào sữa,Dip the biscuit into milk,
wordex_nhánh,Cây có nhiều nhánh nhỏ,The tree has many small branches,
wordex_nhồi,Mẹ nhồi thịt vào bánh bao,Mom stuffs meat into the steamed bun,
wordex_nháy,Anh ấy nháy mắt với tôi,He winks at me,
wordex_tỉa,Bố tỉa cây trong vườn,Dad trims the trees in the garden,
wordex_vướng,Chân tôi bị vướng dây điện,My leg got tangled in the electrical wire,
wordex_lựu,Anh ấy ném một quả lựu đạn,He throws a grenade,
wordex_phang,Anh ấy phang một gậy vào cửa,He strikes the door with a stick,
wordex_lõi,Lõi táo còn sót lại trên bàn,The apple core is left on the table,
wordex_séc,Anh ấy thanh toán bằng séc,He pays by check,
wordex_thảy,Tất thảy mọi người đều đồng ý,Everyone without exception agrees,
wordex_vụn,Quét sạch vụn bánh mì trên bàn,Sweep the bread crumbs off the table,
wordex_hoành,Buổi lễ tổ chức rất hoành tráng,The ceremony is held very grandly,
wordex_nhựa,Chai nhựa này có thể tái chế,This plastic bottle can be recycled,
wordex_bì,Món bì cuốn rất ngon,The pork-skin spring rolls are delicious,
wordex_lẫy,Anh ấy nổi tiếng lẫy lừng,He's tremendously famous,
wordex_thoáng,Căn phòng này rất thoáng mát,This room is very airy and cool,
wordex_cưa,Anh ấy cưa gỗ làm bàn,He saws wood to make a table,
wordex_triết,Tôi học môn triết học ở đại học,I study philosophy in college,
wordex_né,Anh ấy né được cú đấm,He dodges the punch,
wordex_bỉ,Đừng khinh bỉ người nghèo,Don't despise the poor,
wordex_gầy,Cô ấy trông khá gầy,She looks quite thin,
wordex_cún,Con cún con rất dễ thương,The little puppy is so cute,
wordex_chư,Chư vị khách quý xin mời vào,"Distinguished guests, please come in",
wordex_giở,Cô ấy giở từng trang sách,She turns each page of the book,
wordex_miện,Nữ hoàng đội vương miện,The queen wears a crown,
wordex_hòng,Hắn nói dối hòng che giấu sự thật,He lies in order to hide the truth,
wordex_mỡ,Món này có nhiều mỡ quá,This dish has too much fat,
wordex_xuẩn,Đó là một hành động ngu xuẩn,That was a stupid act,
wordex_vặn,Vặn nhỏ âm lượng lại,Turn the volume down,
wordex_neo,Tàu thả neo ngoài cảng,The ship drops anchor outside the port,
wordex_hổng,Tui hổng biết đâu,I don't know at all (southern),
wordex_phước,Chúc gia đình bạn nhiều phước lành,Wishing your family much blessing,
wordex_chen,Mọi người chen nhau vào cửa,Everyone squeezes through the door,
wordex_mợ,Mợ tôi nấu ăn rất ngon,My aunt cooks very well,
wordex_thự,Đây là dinh thự của thị trưởng,This is the mayor's mansion,
wordex_chước,Anh ấy nghĩ ra một mưu chước,He came up with a scheme,
wordex_bấy,Bấy giờ tôi còn rất trẻ,At that time I was still very young,
wordex_que,Cho tôi một que kem,Give me an ice cream stick,
wordex_xôi,Sáng nay tôi ăn xôi,I ate sticky rice this morning,
wordex_đãng,Ông cụ khá đãng trí,The old man is quite forgetful,
wordex_chồn,Con chồn chạy nhanh vào bụi rậm,The weasel runs quickly into the thicket,
wordex_vách,Có một khe hở trên vách tường,There's a gap in the wall,
wordex_dơi,Con dơi bay ra vào ban đêm,The bat flies out at night,
wordex_khiên,Người lính cầm khiên và giáo,The soldier holds a shield and spear,
wordex_chích,Con ong chích tôi,The bee stings me,
wordex_rùa,Con rùa bò chậm chạp,The turtle crawls slowly,
wordex_liếm,Con chó liếm tay chủ,The dog licks its owner's hand,
wordex_nóc,Chim đậu trên nóc nhà,The bird perches on the roof,
wordex_tạng,Anh ấy có thể tạng khoẻ mạnh,He has a healthy constitution,
wordex_dỡ,Công nhân dỡ hàng xuống xe,Workers unload the goods from the truck,
wordex_giầy,Cho tôi mua một đôi giầy mới,Let me buy a new pair of shoes,
wordex_nhượng,Hai bên không ai chịu nhượng bộ,Neither side is willing to concede,
wordex_rán,Mẹ rán cá cho bữa tối,Mom fries fish for dinner,
wordex_choáng,Tôi choáng váng khi nghe tin đó,I felt dizzy hearing that news,
wordex_quyên,Chúng tôi quyên góp cho trẻ mồ côi,We donate to orphans,
wordex_truồng,Đứa bé chạy ở truồng ngoài sân,The baby runs around naked in the yard,
wordex_bừa,Đừng vứt đồ bừa bãi,Don't throw things around carelessly,
wordex_rót,Anh ấy rót trà cho khách,He pours tea for the guest,
wordex_xịt,Cô ấy xịt nước hoa,She sprays perfume,
wordex_trào,Trào lưu thời trang thay đổi liên tục,Fashion trends change constantly,
wordex_xen,Đừng xen vào chuyện người khác,Don't interfere in others' business,
wordex_giếng,Ngày xưa người ta lấy nước từ giếng,"In the past, people got water from wells",
wordex_chuối,Tôi ăn một quả chuối,I eat a banana,
wordex_thoái,Kinh tế đang có dấu hiệu suy thoái,The economy is showing signs of decline,
wordex_lãm,Chúng tôi đi xem triển lãm nghệ thuật,We go see an art exhibition,
wordex_bổn,Đây là bổn phận của tôi,This is my duty,
wordex_vạt,Gió thổi tung vạt áo dài,The wind blows the ao dai's flap,
wordex_lách,Anh ấy lách qua đám đông,He squeezes through the crowd,
wordex_yến,Tổ yến rất bổ dưỡng,Swallow's nest is very nutritious,
wordex_đểu,Đừng chơi trò đểu với tôi,Don't play dirty tricks on me,
wordex_nghiêng,Cái tủ hơi nghiêng sang một bên,The cabinet is tilted to one side,
wordex_quạ,Con quạ đen đậu trên cành cây,The black crow perches on the branch,
wordex_nhược,Đừng nhu nhược như vậy,Don't be so weak-willed,
wordex_nản,"Đừng nản lòng, cố gắng lên","Don't be discouraged, keep trying",
wordex_trượng,Vị pháp sư cầm cây trượng phép,The wizard holds a magic staff,
wordex_rợ,Bộ tộc đó bị coi là man rợ,That tribe was considered barbaric,
wordex_nề,Gia đình anh ấy sống rất nề nếp,His family lives in a very disciplined manner,
wordex_vãn,Đến tận khuya vãn chưa thấy anh ấy về,It got very late and he still hadn't come home,
wordex_internet,Nhà tôi vừa lắp internet,My house just got internet installed,
wordex_sandwich,Tôi ăn sandwich cho bữa trưa,I eat a sandwich for lunch,
wordex_avatar,Tôi đổi ảnh đại diện avatar mới,I change to a new avatar picture,
wordex_hack,Có người cố hack vào tài khoản của tôi,Someone tried to hack into my account,
wordex_won,Anh ấy đổi tiền sang won Hàn Quốc,He exchanges money into Korean won,
wordex_whiskey,Ông ấy uống một ly whiskey,He drinks a glass of whiskey,
